Tot_Match_Played,Tot_Runs,batsman,run_Over_1,run_Over_10,run_Over_11,run_Over_12,run_Over_13,run_Over_14,run_Over_15,run_Over_16,run_Over_17,run_Over_18,run_Over_19,run_Over_2,run_Over_20,run_Over_3,run_Over_4,run_Over_5,run_Over_6,run_Over_7,run_Over_8,run_Over_9
114.0,4180.0,DA Warner,319.0,217.0,178.0,159.0,150.0,120.0,177.0,154.0,115.0,68.0,77.0,401.0,0.0,346.0,327.0,375.0,323.0,206.0,225.0,243.0
126.0,3734.0,S Dhawan,289.0,166.0,166.0,162.0,131.0,114.0,104.0,95.0,103.0,94.0,84.0,342.0,0.0,404.0,322.0,267.0,283.0,206.0,200.0,202.0
50.0,947.0,MC Henriques,0.0,69.0,44.0,31.0,27.0,49.0,57.0,48.0,82.0,76.0,71.0,10.0,0.0,25.0,31.0,42.0,62.0,95.0,61.0,67.0
116.0,2582.0,Yuvraj Singh,5.0,126.0,201.0,192.0,241.0,274.0,232.0,304.0,218.0,164.0,119.0,15.0,0.0,30.0,20.0,59.0,64.0,69.0,87.0,162.0
30.0,365.0,DJ Hooda,0.0,4.0,23.0,37.0,56.0,41.0,46.0,42.0,37.0,43.0,20.0,0.0,0.0,0.0,0.0,0.0,0.0,4.0,2.0,10.0
8.0,95.0,BCJ Cutting,0.0,0.0,0.0,7.0,1.0,1.0,9.0,2.0,21.0,25.0,29.0,0.0,0.0,0.0,0.0,0.0,0.0,0.0,0.0,0.0
100.0,3880.0,CH Gayle,339.0,147.0,193.0,157.0,211.0,142.0,139.0,139.0,82.0,123.0,52.0,341.0,0.0,404.0,293.0,313.0,226.0,161.0,230.0,188.0
58.0,1157.0,Mandeep Singh,107.0,78.0,41.0,25.0,46.0,22.0,42.0,30.0,26.0,22.0,32.0,110.0,0.0,124.0,82.0,70.0,94.0,76.0,56.0,74.0
10.0,181.0,TM Head,2.0,10.0,12.0,9.0,13.0,14.0,16.0,11.0,14.0,28.0,22.0,0.0,0.0,0.0,0.0,2.0,6.0,6.0,11.0,5.0
57.0,819.0,KM Jadhav,0.0,32.0,40.0,39.0,54.0,54.0,77.0,82.0,116.0,80.0,120.0,0.0,0.0,10.0,1.0,3.0,24.0,22.0,44.0,21.0
98.0,2723.0,SR Watson,104.0,189.0,147.0,117.0,177.0,198.0,173.0,126.0,118.0,62.0,39.0,100.0,0.0,150.0,152.0,156.0,198.0,171.0,165.0,181.0
10.0,139.0,Sachin Baby,0.0,3.0,1.0,3.0,11.0,10.0,13.0,10.0,16.0,47.0,23.0,0.0,0.0,0.0,0.0,0.0,0.0,0.0,1.0,1.0
56.0,736.0,STR Binny,0.0,82.0,46.0,60.0,27.0,57.0,68.0,60.0,71.0,64.0,61.0,0.0,0.0,0.0,0.0,5.0,13.0,19.0,38.0,65.0
10.0,43.0,S Aravind,0.0,1.0,0.0,1.0,2.0,1.0,1.0,3.0,16.0,5.0,9.0,0.0,0.0,0.0,0.0,0.0,0.0,0.0,0.0,4.0
8.0,7.0,YS Chahal,0.0,0.0,0.0,0.0,0.0,0.0,0.0,0.0,0.0,2.0,5.0,0.0,0.0,0.0,0.0,0.0,0.0,0.0,0.0,0.0
3.0,9.0,TS Mills,0.0,0.0,0.0,0.0,0.0,0.0,0.0,0.0,0.0,0.0,7.0,0.0,0.0,0.0,0.0,0.0,0.0,0.0,1.0,1.0
3.0,17.0,A Choudhary,0.0,0.0,0.0,0.0,0.0,0.0,0.0,1.0,3.0,3.0,10.0,0.0,0.0,0.0,0.0,0.0,0.0,0.0,0.0,0.0
116.0,2484.0,PA Patel,238.0,79.0,109.0,76.0,63.0,36.0,34.0,17.0,20.0,20.0,17.0,300.0,0.0,348.0,253.0,253.0,254.0,133.0,114.0,120.0
24.0,543.0,JC Buttler,39.0,12.0,23.0,17.0,27.0,13.0,22.0,54.0,15.0,35.0,13.0,43.0,0.0,34.0,52.0,41.0,32.0,19.0,23.0,29.0
153.0,4094.0,RG Sharma,82.0,229.0,268.0,280.0,285.0,293.0,314.0,281.0,332.0,271.0,227.0,57.0,0.0,98.0,135.0,153.0,174.0,187.0,174.0,254.0
15.0,461.0,N Rana,11.0,30.0,37.0,53.0,22.0,14.0,25.0,20.0,12.0,17.0,11.0,15.0,0.0,24.0,11.0,29.0,27.0,30.0,38.0,35.0
105.0,2456.0,AT Rayudu,3.0,122.0,166.0,188.0,166.0,133.0,200.0,149.0,169.0,171.0,185.0,38.0,0.0,56.0,78.0,116.0,141.0,118.0,121.0,136.0
19.0,469.0,KH Pandya,0.0,34.0,36.0,47.0,26.0,53.0,39.0,54.0,48.0,32.0,25.0,4.0,0.0,6.0,7.0,4.0,2.0,6.0,16.0,30.0
112.0,2264.0,KA Pollard,10.0,56.0,93.0,87.0,181.0,241.0,284.0,278.0,364.0,313.0,248.0,0.0,0.0,1.0,1.0,9.0,11.0,25.0,24.0,38.0
33.0,346.0,HH Pandya,7.0,19.0,3.0,4.0,13.0,15.0,33.0,28.0,40.0,60.0,85.0,5.0,0.0,2.0,9.0,1.0,1.0,4.0,6.0,11.0
8.0,36.0,TG Southee,0.0,2.0,1.0,0.0,0.0,4.0,0.0,0.0,1.0,5.0,23.0,0.0,0.0,0.0,0.0,0.0,0.0,0.0,0.0,0.0
105.0,3135.0,AM Rahane,251.0,157.0,154.0,135.0,127.0,165.0,101.0,100.0,122.0,109.0,42.0,265.0,0.0,253.0,289.0,230.0,197.0,170.0,133.0,135.0
48.0,840.0,MA Agarwal,125.0,11.0,13.0,26.0,14.0,16.0,23.0,29.0,19.0,17.0,12.0,93.0,0.0,133.0,90.0,67.0,25.0,36.0,56.0,35.0
62.0,1691.0,SPD Smith,27.0,111.0,89.0,100.0,103.0,123.0,106.0,111.0,101.0,144.0,108.0,13.0,0.0,41.0,92.0,75.0,77.0,91.0,91.0,88.0
11.0,318.0,BA Stokes,0.0,36.0,36.0,30.0,21.0,41.0,26.0,41.0,11.0,7.0,16.0,1.0,0.0,6.0,6.0,9.0,6.0,6.0,6.0,13.0
143.0,3279.0,MS Dhoni,0.0,131.0,173.0,188.0,228.0,246.0,391.0,392.0,455.0,440.0,442.0,0.0,0.0,0.0,0.0,14.0,18.0,33.0,54.0,74.0
3.0,54.0,JJ Roy,10.0,0.0,0.0,0.0,0.0,0.0,0.0,0.0,0.0,0.0,8.0,15.0,0.0,12.0,6.0,1.0,2.0,0.0,0.0,0.0
103.0,2919.0,BB McCullum,276.0,133.0,120.0,122.0,108.0,91.0,44.0,24.0,62.0,21.0,38.0,287.0,0.0,327.0,247.0,240.0,252.0,199.0,166.0,162.0
157.0,4667.0,SK Raina,39.0,289.0,326.0,292.0,285.0,298.0,238.0,221.0,215.0,158.0,121.0,148.0,0.0,212.0,241.0,322.0,375.0,273.0,306.0,308.0
64.0,1680.0,AJ Finch,122.0,99.0,96.0,43.0,53.0,52.0,72.0,75.0,62.0,94.0,19.0,177.0,0.0,114.0,118.0,78.0,96.0,84.0,112.0,114.0
134.0,2920.0,KD Karthik,6.0,195.0,215.0,250.0,235.0,293.0,193.0,167.0,201.0,133.0,122.0,25.0,0.0,54.0,70.0,79.0,145.0,166.0,189.0,182.0
146.0,4388.0,G Gambhir,324.0,232.0,187.0,157.0,177.0,171.0,131.0,103.0,90.0,66.0,21.0,448.0,0.0,418.0,411.0,449.0,337.0,265.0,209.0,192.0
12.0,403.0,CA Lynn,41.0,7.0,10.0,9.0,14.0,16.0,32.0,4.0,5.0,3.0,1.0,31.0,0.0,62.0,21.0,28.0,43.0,43.0,15.0,18.0
79.0,1575.0,MK Tiwary,11.0,95.0,88.0,96.0,111.0,137.0,106.0,101.0,130.0,124.0,120.0,25.0,0.0,26.0,47.0,56.0,59.0,71.0,82.0,90.0
31.0,388.0,DT Christian,0.0,5.0,15.0,33.0,23.0,21.0,40.0,50.0,55.0,51.0,83.0,0.0,0.0,0.0,0.0,1.0,1.0,2.0,4.0,4.0
16.0,574.0,HM Amla,52.0,24.0,29.0,24.0,33.0,12.0,3.0,42.0,30.0,17.0,11.0,44.0,0.0,39.0,37.0,48.0,54.0,20.0,24.0,31.0
41.0,1001.0,M Vohra,43.0,38.0,40.0,18.0,28.0,7.0,23.0,27.0,6.0,19.0,5.0,97.0,0.0,85.0,157.0,122.0,113.0,58.0,59.0,56.0
78.0,1518.0,WP Saha,42.0,56.0,61.0,82.0,97.0,88.0,130.0,100.0,117.0,85.0,89.0,86.0,0.0,89.0,92.0,82.0,73.0,45.0,54.0,50.0
42.0,570.0,AR Patel,0.0,27.0,38.0,31.0,18.0,25.0,58.0,74.0,68.0,60.0,76.0,0.0,0.0,0.0,2.0,0.0,11.0,28.0,32.0,22.0
55.0,1305.0,GJ Maxwell,8.0,102.0,95.0,133.0,136.0,113.0,107.0,86.0,47.0,42.0,25.0,14.0,0.0,20.0,26.0,51.0,61.0,79.0,89.0,71.0
64.0,1518.0,DA Miller,0.0,81.0,86.0,122.0,124.0,150.0,130.0,159.0,129.0,163.0,120.0,0.0,0.0,0.0,7.0,24.0,25.0,42.0,63.0,93.0
3.0,19.0,Vishnu Vinod,1.0,0.0,0.0,0.0,0.0,0.0,0.0,2.0,7.0,0.0,0.0,1.0,0.0,6.0,1.0,1.0,0.0,0.0,0.0,0.0
13.0,79.0,Iqbal Abdulla,0.0,1.0,3.0,3.0,1.0,2.0,9.0,13.0,11.0,17.0,19.0,0.0,0.0,0.0,0.0,0.0,0.0,0.0,0.0,0.0
29.0,311.0,P Negi,0.0,3.0,14.0,6.0,23.0,26.0,25.0,33.0,35.0,78.0,56.0,0.0,0.0,0.0,0.0,0.0,0.0,1.0,8.0,3.0
27.0,363.0,AP Tare,29.0,3.0,12.0,6.0,2.0,0.0,14.0,6.0,5.0,18.0,9.0,45.0,0.0,36.0,52.0,51.0,39.0,17.0,6.0,13.0
10.0,240.0,SW Billings,9.0,10.0,9.0,24.0,25.0,7.0,1.0,12.0,0.0,9.0,0.0,27.0,0.0,16.0,11.0,22.0,19.0,16.0,18.0,5.0
50.0,1196.0,KK Nair,25.0,63.0,55.0,63.0,58.0,49.0,37.0,34.0,67.0,35.0,28.0,69.0,0.0,98.0,82.0,160.0,69.0,68.0,71.0,65.0
62.0,1451.0,SV Samson,51.0,93.0,62.0,105.0,59.0,75.0,77.0,56.0,69.0,73.0,26.0,95.0,0.0,80.0,106.0,89.0,90.0,90.0,76.0,79.0
24.0,570.0,RR Pant,4.0,47.0,51.0,45.0,39.0,45.0,20.0,18.0,40.0,20.0,3.0,19.0,0.0,5.0,23.0,28.0,28.0,25.0,39.0,71.0
28.0,334.0,CH Morris,0.0,6.0,3.0,18.0,25.0,17.0,24.0,25.0,60.0,61.0,87.0,0.0,0.0,0.0,0.0,0.0,0.0,3.0,2.0,3.0
8.0,99.0,CR Brathwaite,0.0,0.0,11.0,2.0,9.0,2.0,2.0,13.0,18.0,30.0,12.0,0.0,0.0,0.0,0.0,0.0,0.0,0.0,0.0,0.0
9.0,68.0,PJ Cummins,0.0,0.0,0.0,0.0,0.0,0.0,8.0,12.0,24.0,8.0,6.0,0.0,0.0,0.0,0.0,0.0,0.0,1.0,3.0,6.0
49.0,271.0,A Mishra,0.0,7.0,15.0,10.0,14.0,24.0,18.0,21.0,36.0,50.0,43.0,0.0,0.0,0.0,0.0,0.0,1.0,11.0,8.0,13.0
16.0,25.0,S Nadeem,0.0,0.0,0.0,0.0,2.0,6.0,0.0,8.0,2.0,1.0,6.0,0.0,0.0,0.0,0.0,0.0,0.0,0.0,0.0,0.0
27.0,78.0,Z Khan,0.0,0.0,0.0,2.0,3.0,1.0,3.0,7.0,5.0,15.0,42.0,0.0,0.0,0.0,0.0,0.0,0.0,0.0,0.0,0.0
88.0,2493.0,DR Smith,260.0,118.0,108.0,107.0,108.0,61.0,69.0,58.0,24.0,44.0,28.0,179.0,0.0,219.0,267.0,203.0,176.0,158.0,178.0,128.0
16.0,55.0,DS Kulkarni,0.0,0.0,1.0,1.0,3.0,0.0,1.0,2.0,4.0,9.0,34.0,0.0,0.0,0.0,0.0,0.0,0.0,0.0,0.0,0.0
57.0,278.0,P Kumar,6.0,2.0,4.0,2.0,17.0,8.0,12.0,23.0,27.0,76.0,101.0,0.0,0.0,0.0,0.0,0.0,0.0,0.0,0.0,0.0
5.0,19.0,Basil Thampi,0.0,0.0,0.0,0.0,0.0,0.0,0.0,0.0,1.0,5.0,13.0,0.0,0.0,0.0,0.0,0.0,0.0,0.0,0.0,0.0
143.0,3929.0,RV Uthappa,236.0,237.0,207.0,234.0,184.0,156.0,169.0,129.0,113.0,107.0,79.0,277.0,0.0,278.0,314.0,231.0,262.0,225.0,237.0,254.0
95.0,2263.0,MK Pandey,96.0,124.0,169.0,136.0,135.0,120.0,94.0,81.0,102.0,56.0,49.0,88.0,0.0,105.0,118.0,186.0,155.0,151.0,144.0,154.0
133.0,2965.0,YK Pathan,51.0,177.0,222.0,251.0,259.0,212.0,186.0,247.0,246.0,199.0,184.0,51.0,0.0,59.0,67.0,46.0,97.0,115.0,145.0,151.0
42.0,594.0,SA Yadav,7.0,45.0,15.0,18.0,33.0,32.0,72.0,61.0,84.0,55.0,43.0,5.0,0.0,11.0,10.0,10.0,29.0,17.0,24.0,23.0
7.0,38.0,CR Woakes,0.0,0.0,0.0,1.0,4.0,1.0,6.0,2.0,7.0,8.0,9.0,0.0,0.0,0.0,0.0,0.0,0.0,0.0,0.0,0.0
30.0,277.0,SP Narine,59.0,0.0,0.0,0.0,0.0,1.0,3.0,3.0,10.0,12.0,13.0,36.0,0.0,34.0,48.0,38.0,20.0,0.0,0.0,0.0
82.0,651.0,Harbhajan Singh,0.0,13.0,10.0,20.0,19.0,27.0,26.0,49.0,71.0,153.0,180.0,1.0,0.0,9.0,10.0,15.0,29.0,7.0,4.0,8.0
118.0,3495.0,AB de Villiers,25.0,225.0,223.0,239.0,202.0,212.0,221.0,308.0,270.0,272.0,277.0,38.0,0.0,47.0,102.0,169.0,166.0,144.0,148.0,207.0
26.0,482.0,CJ Anderson,1.0,33.0,40.0,40.0,48.0,55.0,34.0,28.0,30.0,32.0,27.0,2.0,0.0,16.0,10.0,12.0,15.0,15.0,26.0,18.0
46.0,1339.0,F du Plessis,23.0,56.0,66.0,67.0,74.0,87.0,56.0,61.0,44.0,45.0,17.0,93.0,0.0,53.0,113.0,123.0,120.0,77.0,80.0,84.0
14.0,411.0,RA Tripathi,17.0,10.0,7.0,7.0,20.0,1.0,1.0,2.0,6.0,1.0,1.0,30.0,0.0,74.0,50.0,59.0,79.0,14.0,25.0,7.0
47.0,269.0,R Bhatia,0.0,11.0,12.0,14.0,25.0,10.0,18.0,24.0,42.0,35.0,72.0,0.0,0.0,0.0,0.0,0.0,0.0,1.0,3.0,2.0
1.0,14.0,DL Chahar,0.0,0.0,0.0,0.0,13.0,1.0,0.0,0.0,0.0,0.0,0.0,0.0,0.0,0.0,0.0,0.0,0.0,0.0,0.0,0.0
2.0,5.0,A Zampa,0.0,0.0,0.0,0.0,0.0,5.0,0.0,0.0,0.0,0.0,0.0,0.0,0.0,0.0,0.0,0.0,0.0,0.0,0.0,0.0
16.0,16.0,AB Dinda,0.0,0.0,0.0,0.0,0.0,0.0,7.0,2.0,0.0,1.0,6.0,0.0,0.0,0.0,0.0,0.0,0.0,0.0,0.0,0.0
6.0,18.0,Imran Tahir,0.0,0.0,0.0,0.0,0.0,4.0,0.0,0.0,2.0,9.0,3.0,0.0,0.0,0.0,0.0,0.0,0.0,0.0,0.0,0.0
93.0,1562.0,NV Ojha,83.0,59.0,76.0,78.0,82.0,69.0,99.0,102.0,88.0,62.0,103.0,77.0,0.0,75.0,91.0,108.0,99.0,55.0,70.0,86.0
4.0,105.0,V Shankar,0.0,5.0,2.0,9.0,3.0,7.0,18.0,10.0,7.0,21.0,4.0,0.0,0.0,0.0,1.0,1.0,5.0,3.0,2.0,7.0
3.0,5.0,Rashid Khan,0.0,0.0,0.0,0.0,0.0,0.0,0.0,0.0,0.0,0.0,5.0,0.0,0.0,0.0,0.0,0.0,0.0,0.0,0.0,0.0
33.0,93.0,B Kumar,0.0,0.0,0.0,0.0,0.0,0.0,3.0,5.0,20.0,13.0,52.0,0.0,0.0,0.0,0.0,0.0,0.0,0.0,0.0,0.0
8.0,157.0,MP Stoinis,0.0,4.0,3.0,14.0,5.0,9.0,10.0,7.0,7.0,18.0,9.0,2.0,0.0,7.0,10.0,19.0,10.0,10.0,6.0,7.0
20.0,87.0,MM Sharma,0.0,3.0,5.0,8.0,2.0,1.0,14.0,16.0,8.0,12.0,18.0,0.0,0.0,0.0,0.0,0.0,0.0,0.0,0.0,0.0
9.0,19.0,VR Aaron,0.0,0.0,0.0,0.0,0.0,0.0,0.0,1.0,2.0,5.0,11.0,0.0,0.0,0.0,0.0,0.0,0.0,0.0,0.0,0.0
141.0,4452.0,V Kohli,125.0,255.0,271.0,287.0,249.0,240.0,255.0,282.0,225.0,218.0,172.0,156.0,0.0,258.0,239.0,213.0,229.0,224.0,282.0,272.0
12.0,46.0,MJ McClenaghan,0.0,0.0,13.0,8.0,2.0,5.0,2.0,1.0,2.0,5.0,8.0,0.0,0.0,0.0,0.0,0.0,0.0,0.0,0.0,0.0
10.0,84.0,Ankit Sharma,1.0,0.0,0.0,0.0,0.0,0.0,5.0,17.0,12.0,2.0,13.0,0.0,0.0,2.0,8.0,0.0,16.0,1.0,2.0,5.0
4.0,5.0,SN Thakur,0.0,0.0,0.0,0.0,0.0,0.0,0.0,0.0,0.0,0.0,5.0,0.0,0.0,0.0,0.0,0.0,0.0,0.0,0.0,0.0
1.0,0.0,RD Chahar,0.0,0.0,0.0,0.0,0.0,0.0,0.0,0.0,0.0,0.0,0.0,0.0,0.0,0.0,0.0,0.0,0.0,0.0,0.0,0.0
1.0,0.0,LH Ferguson,0.0,0.0,0.0,0.0,0.0,0.0,0.0,0.0,0.0,0.0,0.0,0.0,0.0,0.0,0.0,0.0,0.0,0.0,0.0,0.0
9.0,125.0,C de Grandhomme,1.0,13.0,21.0,23.0,17.0,7.0,6.0,7.0,6.0,14.0,5.0,0.0,0.0,0.0,0.0,0.0,0.0,0.0,2.0,3.0
17.0,147.0,Bipul Sharma,0.0,0.0,0.0,1.0,1.0,8.0,5.0,20.0,24.0,43.0,45.0,0.0,0.0,0.0,0.0,0.0,0.0,0.0,0.0,0.0
32.0,845.0,SS Iyer,24.0,88.0,75.0,25.0,54.0,34.0,33.0,43.0,33.0,8.0,8.0,76.0,0.0,43.0,78.0,34.0,46.0,33.0,48.0,62.0
45.0,899.0,EJG Morgan,30.0,48.0,54.0,60.0,75.0,69.0,69.0,70.0,74.0,101.0,43.0,9.0,0.0,14.0,30.0,27.0,25.0,34.0,32.0,35.0
4.0,14.0,KC Cariappa,0.0,0.0,0.0,2.0,2.0,8.0,0.0,0.0,0.0,1.0,1.0,0.0,0.0,0.0,0.0,0.0,0.0,0.0,0.0,0.0
11.0,16.0,Sandeep Sharma,0.0,0.0,0.0,0.0,4.0,8.0,0.0,0.0,0.0,0.0,4.0,0.0,0.0,0.0,0.0,0.0,0.0,0.0,0.0,0.0
15.0,331.0,Ishan Kishan,26.0,9.0,5.0,9.0,9.0,8.0,6.0,14.0,20.0,8.0,21.0,29.0,0.0,47.0,30.0,19.0,17.0,22.0,17.0,15.0
5.0,2.0,JD Unadkat,0.0,0.0,0.0,0.0,0.0,0.0,0.0,1.0,0.0,1.0,0.0,0.0,0.0,0.0,0.0,0.0,0.0,0.0,0.0,0.0
3.0,7.0,AF Milne,0.0,0.0,0.0,0.0,0.0,2.0,3.0,0.0,0.0,1.0,1.0,0.0,0.0,0.0,0.0,0.0,0.0,0.0,0.0,0.0
5.0,15.0,S Badree,0.0,0.0,0.0,0.0,0.0,2.0,3.0,7.0,3.0,0.0,0.0,0.0,0.0,0.0,0.0,0.0,0.0,0.0,0.0,0.0
41.0,708.0,AD Mathews,0.0,16.0,37.0,40.0,45.0,52.0,70.0,108.0,77.0,101.0,102.0,0.0,0.0,0.0,0.0,2.0,8.0,16.0,19.0,15.0
13.0,43.0,Mohammed Shami,0.0,1.0,6.0,0.0,0.0,1.0,1.0,1.0,10.0,4.0,19.0,0.0,0.0,0.0,0.0,0.0,0.0,0.0,0.0,0.0
1.0,0.0,Mohammad Nabi,0.0,0.0,0.0,0.0,0.0,0.0,0.0,0.0,0.0,0.0,0.0,0.0,0.0,0.0,0.0,0.0,0.0,0.0,0.0,0.0
17.0,32.0,I Sharma,0.0,0.0,0.0,0.0,0.0,6.0,7.0,1.0,1.0,10.0,7.0,0.0,0.0,0.0,0.0,0.0,0.0,0.0,0.0,0.0
108.0,1711.0,RA Jadeja,0.0,78.0,109.0,119.0,130.0,225.0,193.0,168.0,178.0,160.0,171.0,0.0,0.0,1.0,13.0,12.0,21.0,24.0,52.0,57.0
3.0,52.0,AJ Tye,0.0,0.0,0.0,0.0,0.0,2.0,13.0,4.0,10.0,16.0,7.0,0.0,0.0,0.0,0.0,0.0,0.0,0.0,0.0,0.0
15.0,413.0,KS Williamson,0.0,34.0,34.0,30.0,32.0,35.0,30.0,29.0,24.0,19.0,37.0,0.0,0.0,4.0,11.0,13.0,13.0,25.0,16.0,27.0
69.0,2588.0,SE Marsh,116.0,139.0,144.0,147.0,147.0,149.0,169.0,99.0,65.0,47.0,44.0,115.0,0.0,127.0,154.0,157.0,161.0,226.0,198.0,184.0
32.0,508.0,Shakib Al Hasan,2.0,12.0,14.0,38.0,51.0,42.0,83.0,46.0,47.0,91.0,52.0,0.0,0.0,0.0,1.0,1.0,2.0,4.0,9.0,13.0
45.0,453.0,JP Faulkner,0.0,0.0,2.0,22.0,14.0,15.0,28.0,51.0,80.0,92.0,135.0,5.0,0.0,6.0,3.0,0.0,0.0,0.0,0.0,0.0
26.0,91.0,MG Johnson,0.0,0.0,0.0,1.0,0.0,2.0,6.0,8.0,7.0,33.0,32.0,0.0,0.0,0.0,0.0,0.0,0.0,0.0,1.0,1.0
3.0,60.0,K Rabada,0.0,8.0,11.0,4.0,8.0,3.0,2.0,3.0,2.0,1.0,1.0,0.0,0.0,0.0,0.0,0.0,2.0,2.0,5.0,8.0
4.0,20.0,AD Nath,0.0,1.0,1.0,0.0,3.0,1.0,7.0,1.0,0.0,2.0,3.0,0.0,0.0,0.0,0.0,0.0,0.0,0.0,0.0,1.0
11.0,50.0,NM Coulter-Nile,0.0,0.0,0.0,0.0,0.0,8.0,1.0,4.0,10.0,11.0,16.0,0.0,0.0,0.0,0.0,0.0,0.0,0.0,0.0,0.0
2.0,20.0,Kuldeep Yadav,0.0,0.0,0.0,0.0,0.0,0.0,2.0,2.0,6.0,3.0,7.0,0.0,0.0,0.0,0.0,0.0,0.0,0.0,0.0,0.0
23.0,62.0,UT Yadav,0.0,0.0,0.0,0.0,0.0,0.0,0.0,1.0,10.0,14.0,37.0,0.0,0.0,0.0,0.0,0.0,0.0,0.0,0.0,0.0
5.0,6.0,Washington Sundar,0.0,0.0,0.0,0.0,0.0,0.0,0.0,0.0,0.0,0.0,6.0,0.0,0.0,0.0,0.0,0.0,0.0,0.0,0.0,0.0
34.0,279.0,KV Sharma,0.0,11.0,11.0,18.0,13.0,23.0,15.0,23.0,27.0,80.0,44.0,0.0,0.0,6.0,0.0,0.0,1.0,4.0,1.0,2.0
1.0,6.0,DM Bravo,0.0,0.0,0.0,0.0,0.0,0.0,0.0,0.0,0.0,2.0,4.0,0.0,0.0,0.0,0.0,0.0,0.0,0.0,0.0,0.0
1.0,6.0,AR Bawne,0.0,0.0,0.0,0.0,0.0,0.0,0.0,0.0,0.0,2.0,4.0,0.0,0.0,0.0,0.0,0.0,0.0,0.0,0.0,0.0
3.0,38.0,SP Jackson,0.0,0.0,0.0,0.0,1.0,6.0,2.0,13.0,2.0,2.0,2.0,1.0,0.0,5.0,4.0,0.0,0.0,0.0,0.0,0.0
10.0,194.0,MJ Guptill,39.0,2.0,1.0,4.0,13.0,1.0,4.0,0.0,0.0,0.0,0.0,25.0,0.0,10.0,26.0,18.0,22.0,13.0,14.0,2.0
7.0,26.0,Anureet Singh,0.0,0.0,0.0,0.0,1.0,1.0,2.0,3.0,3.0,7.0,9.0,0.0,0.0,0.0,0.0,0.0,0.0,0.0,0.0,0.0
82.0,1085.0,IK Pathan,18.0,53.0,61.0,59.0,62.0,72.0,80.0,100.0,128.0,139.0,183.0,18.0,0.0,12.0,9.0,23.0,13.0,7.0,23.0,25.0
3.0,2.0,Ankit Soni,0.0,0.0,0.0,0.0,0.0,0.0,0.0,0.0,0.0,1.0,1.0,0.0,0.0,0.0,0.0,0.0,0.0,0.0,0.0,0.0
6.0,21.0,JJ Bumrah,0.0,0.0,0.0,0.0,0.0,0.0,5.0,1.0,0.0,12.0,3.0,0.0,0.0,0.0,0.0,0.0,0.0,0.0,0.0,0.0
20.0,76.0,SL Malinga,0.0,0.0,0.0,0.0,0.0,0.0,3.0,7.0,10.0,22.0,34.0,0.0,0.0,0.0,0.0,0.0,0.0,0.0,0.0,0.0
12.0,19.0,PJ Sangwan,0.0,0.0,0.0,6.0,2.0,1.0,0.0,0.0,3.0,2.0,5.0,0.0,0.0,0.0,0.0,0.0,0.0,0.0,0.0,0.0
3.0,4.0,S Kaul,0.0,0.0,0.0,0.0,0.0,0.0,0.0,0.0,0.0,0.0,4.0,0.0,0.0,0.0,0.0,0.0,0.0,0.0,0.0,0.0
29.0,1127.0,LMP Simmons,96.0,77.0,42.0,62.0,55.0,32.0,20.0,25.0,18.0,5.0,10.0,50.0,0.0,83.0,114.0,129.0,106.0,64.0,73.0,66.0
14.0,173.0,MN Samuels,0.0,14.0,19.0,36.0,17.0,20.0,6.0,6.0,9.0,8.0,1.0,0.0,0.0,1.0,2.0,6.0,2.0,6.0,11.0,9.0
3.0,12.0,Swapnil Singh,0.0,3.0,2.0,2.0,3.0,0.0,0.0,0.0,0.0,2.0,0.0,0.0,0.0,0.0,0.0,0.0,0.0,0.0,0.0,0.0
3.0,32.0,R Tewatia,0.0,0.0,0.0,6.0,3.0,0.0,3.0,7.0,0.0,0.0,9.0,0.0,0.0,0.0,0.0,4.0,0.0,0.0,0.0,0.0
12.0,23.0,MM Patel,0.0,0.0,0.0,0.0,0.0,0.0,0.0,0.0,1.0,13.0,9.0,0.0,0.0,0.0,0.0,0.0,0.0,0.0,0.0,0.0
64.0,1269.0,SS Tiwary,8.0,65.0,65.0,104.0,97.0,113.0,101.0,72.0,100.0,106.0,66.0,18.0,0.0,27.0,27.0,34.0,52.0,63.0,51.0,100.0
1.0,2.0,TA Boult,0.0,0.0,0.0,0.0,0.0,0.0,0.0,0.0,0.0,0.0,2.0,0.0,0.0,0.0,0.0,0.0,0.0,0.0,0.0,0.0
2.0,3.0,CJ Jordan,0.0,0.0,0.0,0.0,0.0,0.0,0.0,0.0,0.0,0.0,3.0,0.0,0.0,0.0,0.0,0.0,0.0,0.0,0.0,0.0
7.0,79.0,IR Jaggi,1.0,7.0,2.0,7.0,1.0,10.0,2.0,1.0,1.0,3.0,4.0,11.0,0.0,8.0,3.0,1.0,2.0,8.0,3.0,4.0
65.0,405.0,PP Chawla,0.0,10.0,26.0,13.0,20.0,21.0,36.0,34.0,49.0,81.0,94.0,0.0,0.0,0.0,5.0,6.0,5.0,1.0,1.0,3.0
2.0,4.0,AS Rajpoot,0.0,0.0,0.0,0.0,0.0,0.0,0.0,0.0,0.0,4.0,0.0,0.0,0.0,0.0,0.0,0.0,0.0,0.0,0.0,0.0
56.0,1445.0,SC Ganguly,116.0,90.0,84.0,85.0,80.0,78.0,48.0,78.0,67.0,22.0,15.0,65.0,0.0,76.0,99.0,115.0,100.0,80.0,72.0,75.0
9.0,104.0,RT Ponting,7.0,5.0,16.0,3.0,1.0,0.0,0.0,0.0,0.0,0.0,0.0,12.0,0.0,8.0,14.0,2.0,4.0,18.0,6.0,8.0
61.0,1363.0,DJ Hussey,0.0,105.0,119.0,100.0,117.0,108.0,100.0,134.0,73.0,92.0,101.0,0.0,0.0,2.0,13.0,49.0,76.0,34.0,60.0,80.0
8.0,69.0,Mohammad Hafeez,8.0,2.0,2.0,2.0,3.0,9.0,7.0,5.0,0.0,1.0,4.0,7.0,0.0,10.0,0.0,1.0,5.0,0.0,1.0,2.0
82.0,2227.0,R Dravid,144.0,146.0,146.0,114.0,97.0,91.0,65.0,41.0,68.0,27.0,23.0,130.0,0.0,147.0,168.0,164.0,217.0,152.0,156.0,131.0
8.0,139.0,W Jaffer,8.0,14.0,9.0,0.0,0.0,0.0,0.0,0.0,0.0,0.0,0.0,22.0,0.0,16.0,18.0,7.0,12.0,7.0,12.0,14.0
95.0,2539.0,JH Kallis,164.0,153.0,107.0,127.0,112.0,89.0,89.0,91.0,101.0,125.0,54.0,235.0,0.0,199.0,205.0,172.0,143.0,128.0,119.0,126.0
45.0,951.0,CL White,26.0,71.0,69.0,51.0,51.0,82.0,56.0,81.0,90.0,95.0,56.0,5.0,0.0,16.0,19.0,23.0,25.0,34.0,51.0,50.0
23.0,349.0,MV Boucher,4.0,5.0,7.0,15.0,31.0,11.0,55.0,57.0,34.0,48.0,39.0,0.0,0.0,1.0,9.0,5.0,3.0,8.0,6.0,11.0
11.0,66.0,B Akhil,0.0,0.0,0.0,0.0,9.0,3.0,15.0,1.0,1.0,15.0,22.0,0.0,0.0,0.0,0.0,0.0,0.0,0.0,0.0,0.0
1.0,11.0,AA Noffke,0.0,6.0,1.0,1.0,0.0,0.0,0.0,0.0,0.0,0.0,0.0,0.0,0.0,0.0,0.0,0.0,0.0,0.0,0.0,3.0
2.0,8.0,SB Joshi,0.0,0.0,0.0,0.0,2.0,2.0,3.0,1.0,0.0,0.0,0.0,0.0,0.0,0.0,0.0,0.0,0.0,0.0,0.0,0.0
32.0,1203.0,ML Hayden,72.0,35.0,44.0,39.0,46.0,37.0,20.0,36.0,46.0,20.0,12.0,143.0,0.0,103.0,98.0,119.0,102.0,94.0,80.0,57.0
58.0,2037.0,MEK Hussey,122.0,109.0,120.0,92.0,72.0,82.0,100.0,99.0,59.0,54.0,28.0,135.0,0.0,159.0,171.0,149.0,148.0,89.0,113.0,136.0
11.0,99.0,JDP Oram,0.0,0.0,2.0,6.0,11.0,9.0,18.0,12.0,6.0,21.0,14.0,0.0,0.0,0.0,0.0,0.0,0.0,0.0,0.0,0.0
65.0,1398.0,S Badrinath,7.0,112.0,116.0,103.0,85.0,85.0,100.0,97.0,80.0,66.0,78.0,15.0,0.0,25.0,37.0,51.0,65.0,80.0,83.0,113.0
16.0,230.0,K Goel,22.0,1.0,1.0,5.0,3.0,4.0,3.0,6.0,7.0,9.0,8.0,37.0,0.0,26.0,42.0,18.0,25.0,5.0,6.0,2.0
19.0,422.0,JR Hopes,27.0,21.0,21.0,18.0,20.0,10.0,22.0,10.0,11.0,20.0,12.0,35.0,0.0,26.0,23.0,23.0,42.0,22.0,35.0,24.0
68.0,1758.0,KC Sangakkara,18.0,161.0,126.0,94.0,81.0,79.0,104.0,62.0,57.0,34.0,42.0,47.0,0.0,83.0,105.0,122.0,180.0,109.0,136.0,118.0
11.0,246.0,SM Katich,10.0,1.0,10.0,13.0,5.0,3.0,1.0,4.0,4.0,2.0,5.0,28.0,0.0,39.0,38.0,31.0,5.0,12.0,14.0,21.0
3.0,11.0,T Kohli,7.0,0.0,0.0,0.0,0.0,0.0,0.0,0.0,1.0,0.0,2.0,1.0,0.0,0.0,0.0,0.0,0.0,0.0,0.0,0.0
22.0,278.0,M Kaif,7.0,18.0,17.0,14.0,14.0,33.0,62.0,18.0,20.0,5.0,9.0,0.0,0.0,9.0,5.0,2.0,3.0,12.0,22.0,8.0
2.0,20.0,DS Lehmann,0.0,1.0,5.0,0.0,0.0,0.0,0.0,0.0,0.0,0.0,0.0,0.0,0.0,0.0,0.0,0.0,5.0,1.0,4.0,4.0
11.0,45.0,M Rawat,0.0,0.0,1.0,1.0,2.0,2.0,10.0,5.0,3.0,14.0,7.0,0.0,0.0,0.0,0.0,0.0,0.0,0.0,0.0,0.0
3.0,26.0,D Salunkhe,0.0,0.0,0.0,0.0,6.0,1.0,1.0,0.0,2.0,0.0,16.0,0.0,0.0,0.0,0.0,0.0,0.0,0.0,0.0,0.0
27.0,167.0,SK Warne,0.0,4.0,8.0,18.0,19.0,6.0,10.0,21.0,23.0,34.0,24.0,0.0,0.0,0.0,0.0,0.0,0.0,0.0,0.0,0.0
14.0,31.0,SK Trivedi,0.0,0.0,0.0,0.0,0.0,0.0,0.0,2.0,8.0,7.0,14.0,0.0,0.0,0.0,0.0,0.0,0.0,0.0,0.0,0.0
104.0,2915.0,V Sehwag,336.0,149.0,120.0,99.0,123.0,48.0,60.0,41.0,17.0,17.0,0.0,321.0,0.0,329.0,253.0,262.0,210.0,197.0,196.0,137.0
5.0,37.0,L Ronchi,18.0,0.0,0.0,0.0,0.0,0.0,0.0,0.0,0.0,0.0,0.0,19.0,0.0,0.0,0.0,0.0,0.0,0.0,0.0,0.0
30.0,843.0,ST Jayasuriya,101.0,33.0,37.0,17.0,16.0,29.0,0.0,0.0,0.0,0.0,0.0,123.0,0.0,95.0,67.0,77.0,114.0,38.0,49.0,47.0
4.0,53.0,DJ Thornely,0.0,12.0,2.0,1.0,8.0,6.0,0.0,0.0,0.0,0.0,0.0,4.0,0.0,1.0,0.0,3.0,1.0,8.0,4.0,3.0
9.0,99.0,PR Shah,0.0,5.0,6.0,3.0,2.0,0.0,2.0,8.0,0.0,4.0,15.0,3.0,0.0,4.0,4.0,6.0,17.0,6.0,7.0,7.0
50.0,670.0,AM Nayar,12.0,32.0,18.0,44.0,54.0,52.0,70.0,93.0,75.0,75.0,30.0,1.0,0.0,10.0,3.0,20.0,29.0,19.0,22.0,11.0
8.0,149.0,SM Pollock,0.0,5.0,7.0,18.0,8.0,12.0,3.0,8.0,17.0,24.0,29.0,0.0,0.0,0.0,0.0,0.0,1.0,4.0,9.0,4.0
3.0,27.0,S Chanderpaul,10.0,0.0,0.0,0.0,0.0,0.0,0.0,0.0,0.0,0.0,0.0,6.0,0.0,4.0,2.0,5.0,0.0,0.0,0.0,0.0
54.0,1060.0,LRPL Taylor,6.0,63.0,52.0,59.0,83.0,120.0,81.0,90.0,76.0,67.0,83.0,24.0,0.0,11.0,46.0,32.0,44.0,42.0,25.0,56.0
80.0,2199.0,AC Gilchrist,311.0,124.0,81.0,35.0,26.0,33.0,27.0,15.0,15.0,19.0,12.0,302.0,0.0,234.0,223.0,176.0,229.0,98.0,116.0,123.0
52.0,1004.0,Y Venugopal Rao,8.0,38.0,61.0,61.0,93.0,100.0,87.0,78.0,79.0,120.0,84.0,3.0,0.0,23.0,11.0,18.0,23.0,25.0,39.0,53.0
20.0,296.0,VVS Laxman,25.0,4.0,15.0,20.0,1.0,6.0,1.0,1.0,1.0,2.0,0.0,35.0,0.0,40.0,40.0,35.0,24.0,15.0,19.0,12.0
36.0,999.0,A Symonds,0.0,62.0,54.0,99.0,75.0,95.0,91.0,59.0,104.0,67.0,53.0,0.0,0.0,0.0,1.0,31.0,45.0,66.0,62.0,35.0
10.0,133.0,SB Styris,0.0,11.0,16.0,6.0,7.0,7.0,10.0,19.0,12.0,4.0,0.0,0.0,0.0,1.0,0.0,3.0,5.0,13.0,11.0,8.0
6.0,39.0,AS Yadav,0.0,0.0,0.0,1.0,2.0,2.0,6.0,0.0,1.0,7.0,20.0,0.0,0.0,0.0,0.0,0.0,0.0,0.0,0.0,0.0
7.0,39.0,SB Bangar,0.0,0.0,2.0,1.0,4.0,6.0,7.0,4.0,6.0,2.0,7.0,0.0,0.0,0.0,0.0,0.0,0.0,0.0,0.0,0.0
11.0,67.0,WPUJC Vaas,0.0,0.0,0.0,1.0,2.0,4.0,15.0,4.0,12.0,17.0,12.0,0.0,0.0,0.0,0.0,0.0,0.0,0.0,0.0,0.0
28.0,26.0,RP Singh,0.0,0.0,0.0,0.0,1.0,1.0,0.0,0.0,1.0,4.0,19.0,0.0,0.0,0.0,0.0,0.0,0.0,0.0,0.0,0.0
33.0,379.0,LR Shukla,0.0,20.0,15.0,27.0,29.0,14.0,34.0,32.0,54.0,56.0,43.0,0.0,0.0,0.0,0.0,1.0,1.0,5.0,19.0,29.0
78.0,1883.0,DPMD Jayawardene,117.0,105.0,102.0,139.0,75.0,67.0,87.0,62.0,136.0,46.0,101.0,97.0,0.0,133.0,94.0,120.0,97.0,89.0,109.0,107.0
20.0,400.0,S Sohal,48.0,6.0,9.0,2.0,4.0,12.0,1.0,0.0,0.0,0.0,4.0,51.0,0.0,47.0,71.0,56.0,35.0,20.0,6.0,28.0
19.0,87.0,B Lee,0.0,0.0,1.0,8.0,0.0,0.0,3.0,8.0,18.0,26.0,23.0,0.0,0.0,0.0,0.0,0.0,0.0,0.0,0.0,0.0
8.0,61.0,WA Mota,0.0,4.0,7.0,3.0,5.0,5.0,11.0,11.0,5.0,3.0,7.0,0.0,0.0,0.0,0.0,0.0,0.0,0.0,0.0,0.0
6.0,125.0,Kamran Akmal,6.0,0.0,0.0,8.0,2.0,25.0,16.0,6.0,3.0,7.0,3.0,22.0,0.0,16.0,1.0,9.0,1.0,0.0,0.0,0.0
9.0,81.0,Shahid Afridi,5.0,2.0,5.0,8.0,0.0,1.0,0.0,0.0,1.0,20.0,0.0,1.0,0.0,15.0,11.0,4.0,8.0,0.0,0.0,0.0
81.0,1173.0,DJ Bravo,1.0,39.0,48.0,63.0,47.0,105.0,66.0,81.0,120.0,156.0,191.0,7.0,0.0,18.0,24.0,55.0,30.0,33.0,42.0,47.0
3.0,21.0,MA Khote,0.0,0.0,0.0,0.0,0.0,2.0,4.0,6.0,2.0,5.0,2.0,0.0,0.0,0.0,0.0,0.0,0.0,0.0,0.0,0.0
17.0,31.0,A Nehra,0.0,0.0,0.0,0.0,0.0,0.0,0.0,5.0,7.0,11.0,8.0,0.0,0.0,0.0,0.0,0.0,0.0,0.0,0.0,0.0
29.0,799.0,GC Smith,45.0,44.0,46.0,27.0,14.0,30.0,18.0,30.0,25.0,8.0,4.0,67.0,0.0,85.0,53.0,87.0,63.0,54.0,60.0,39.0
5.0,2.0,Pankaj Singh,0.0,0.0,0.0,0.0,0.0,0.0,0.0,0.0,0.0,0.0,2.0,0.0,0.0,0.0,0.0,0.0,0.0,0.0,0.0,0.0
4.0,77.0,RR Sarwan,0.0,5.0,2.0,3.0,2.0,3.0,0.0,0.0,0.0,0.0,0.0,7.0,0.0,10.0,14.0,8.0,9.0,5.0,8.0,1.0
12.0,14.0,S Sreesanth,0.0,0.0,0.0,0.0,0.0,0.0,0.0,0.0,5.0,3.0,6.0,0.0,0.0,0.0,0.0,0.0,0.0,0.0,0.0,0.0
2.0,0.0,VRV Singh,0.0,0.0,0.0,0.0,0.0,0.0,0.0,0.0,0.0,0.0,0.0,0.0,0.0,0.0,0.0,0.0,0.0,0.0,0.0,0.0
41.0,251.0,R Vinay Kumar,0.0,0.0,1.0,8.0,11.0,10.0,20.0,30.0,55.0,71.0,45.0,0.0,0.0,0.0,0.0,0.0,0.0,0.0,0.0,0.0
18.0,157.0,AB Agarkar,0.0,9.0,1.0,4.0,5.0,7.0,11.0,18.0,23.0,22.0,35.0,7.0,0.0,8.0,7.0,0.0,0.0,0.0,0.0,0.0
14.0,104.0,M Kartik,0.0,1.0,6.0,4.0,6.0,6.0,12.0,8.0,9.0,30.0,21.0,0.0,0.0,0.0,0.0,0.0,0.0,0.0,0.0,1.0
5.0,57.0,Shoaib Malik,0.0,2.0,3.0,2.0,1.0,2.0,0.0,6.0,0.0,0.0,2.0,0.0,0.0,5.0,3.0,6.0,5.0,7.0,6.0,7.0
14.0,154.0,MF Maharoof,0.0,3.0,18.0,13.0,1.0,1.0,2.0,10.0,38.0,22.0,41.0,0.0,0.0,0.0,0.0,0.0,0.0,1.0,2.0,2.0
5.0,18.0,VY Mahesh,0.0,0.0,0.0,0.0,0.0,1.0,2.0,0.0,2.0,8.0,5.0,0.0,0.0,0.0,0.0,0.0,0.0,0.0,0.0,0.0
3.0,7.0,TM Srivastava,0.0,0.0,0.0,0.0,0.0,0.0,2.0,2.0,3.0,0.0,0.0,0.0,0.0,0.0,0.0,0.0,0.0,0.0,0.0,0.0
21.0,272.0,B Chipli,4.0,11.0,9.0,31.0,20.0,16.0,12.0,22.0,17.0,10.0,31.0,16.0,0.0,22.0,5.0,4.0,12.0,11.0,11.0,8.0
32.0,99.0,DW Steyn,0.0,0.0,0.0,0.0,0.0,0.0,4.0,5.0,10.0,32.0,48.0,0.0,0.0,0.0,0.0,0.0,0.0,0.0,0.0,0.0
22.0,304.0,DB Das,0.0,11.0,8.0,22.0,23.0,31.0,18.0,13.0,28.0,34.0,34.0,8.0,0.0,7.0,12.0,20.0,13.0,8.0,4.0,10.0
36.0,946.0,HH Gibbs,66.0,48.0,44.0,48.0,22.0,18.0,29.0,12.0,19.0,25.0,13.0,126.0,0.0,86.0,65.0,78.0,68.0,59.0,67.0,53.0
2.0,10.0,DNT Zoysa,0.0,0.0,0.0,0.0,0.0,0.0,1.0,0.0,0.0,0.0,9.0,0.0,0.0,0.0,0.0,0.0,0.0,0.0,0.0,0.0
1.0,4.0,D Kalyankrishna,0.0,0.0,0.0,0.0,0.0,0.0,0.0,0.0,1.0,2.0,1.0,0.0,0.0,0.0,0.0,0.0,0.0,0.0,0.0,0.0
19.0,462.0,SA Asnodkar,48.0,20.0,33.0,11.0,4.0,2.0,0.0,0.0,0.0,0.0,0.0,44.0,0.0,40.0,57.0,59.0,54.0,31.0,19.0,40.0
5.0,30.0,Sohail Tanvir,0.0,0.0,0.0,0.0,0.0,0.0,6.0,0.0,0.0,2.0,4.0,0.0,0.0,1.0,1.0,11.0,0.0,0.0,5.0,0.0
7.0,211.0,Salman Butt,25.0,3.0,9.0,15.0,9.0,3.0,8.0,12.0,0.0,4.0,0.0,19.0,0.0,23.0,15.0,19.0,15.0,14.0,7.0,11.0
63.0,1337.0,BJ Hodge,4.0,31.0,60.0,85.0,86.0,109.0,153.0,116.0,115.0,140.0,129.0,18.0,0.0,14.0,52.0,32.0,42.0,44.0,38.0,69.0
4.0,38.0,Umar Gul,0.0,0.0,0.0,0.0,0.0,0.0,0.0,19.0,1.0,16.0,2.0,0.0,0.0,0.0,0.0,0.0,0.0,0.0,0.0,0.0
10.0,209.0,SP Fleming,11.0,2.0,1.0,2.0,14.0,0.0,0.0,0.0,0.0,0.0,0.0,32.0,0.0,17.0,36.0,15.0,17.0,25.0,25.0,12.0
8.0,156.0,S Vidyut,26.0,6.0,9.0,5.0,2.0,2.0,1.0,0.0,0.0,0.0,0.0,32.0,0.0,7.0,21.0,14.0,13.0,6.0,8.0,4.0
67.0,870.0,JA Morkel,1.0,18.0,39.0,60.0,56.0,62.0,63.0,67.0,131.0,134.0,185.0,0.0,0.0,1.0,11.0,1.0,6.0,10.0,5.0,20.0
3.0,33.0,LPC Silva,0.0,0.0,0.0,0.0,0.0,0.0,0.0,0.0,0.0,6.0,8.0,0.0,0.0,0.0,0.0,1.0,9.0,5.0,2.0,2.0
25.0,367.0,DB Ravi Teja,6.0,5.0,19.0,27.0,34.0,23.0,31.0,50.0,34.0,29.0,38.0,11.0,0.0,13.0,13.0,6.0,7.0,12.0,5.0,4.0
8.0,100.0,Misbah-ul-Haq,0.0,2.0,17.0,2.0,4.0,8.0,7.0,2.0,13.0,2.0,1.0,0.0,0.0,9.0,6.0,12.0,2.0,2.0,5.0,6.0
10.0,181.0,YV Takawale,12.0,4.0,4.0,3.0,0.0,0.0,0.0,0.0,0.0,0.0,6.0,11.0,0.0,12.0,41.0,32.0,20.0,12.0,11.0,13.0
5.0,10.0,RR Raje,0.0,0.0,0.0,0.0,0.0,0.0,0.0,0.0,0.0,2.0,8.0,0.0,0.0,0.0,0.0,0.0,0.0,0.0,0.0,0.0
2.0,3.0,Mohammad Asif,0.0,0.0,0.0,0.0,0.0,1.0,1.0,1.0,0.0,0.0,0.0,0.0,0.0,0.0,0.0,0.0,0.0,0.0,0.0,0.0
2.0,4.0,GD McGrath,0.0,0.0,0.0,0.0,0.0,0.0,0.0,4.0,0.0,0.0,0.0,0.0,0.0,0.0,0.0,0.0,0.0,0.0,0.0,0.0
5.0,30.0,Joginder Sharma,0.0,0.0,0.0,0.0,0.0,0.0,0.0,7.0,4.0,14.0,5.0,0.0,0.0,0.0,0.0,0.0,0.0,0.0,0.0,0.0
15.0,72.0,MS Gony,0.0,0.0,0.0,0.0,1.0,4.0,6.0,9.0,2.0,21.0,29.0,0.0,0.0,0.0,0.0,0.0,0.0,0.0,0.0,0.0
9.0,18.0,M Muralitharan,0.0,0.0,0.0,0.0,0.0,0.0,0.0,0.0,0.0,3.0,15.0,0.0,0.0,0.0,0.0,0.0,0.0,0.0,0.0,0.0
2.0,12.0,M Ntini,0.0,0.0,0.0,0.0,0.0,0.0,0.0,0.0,1.0,1.0,10.0,0.0,0.0,0.0,0.0,0.0,0.0,0.0,0.0,0.0
2.0,13.0,DT Patil,0.0,0.0,1.0,3.0,2.0,3.0,0.0,4.0,0.0,0.0,0.0,0.0,0.0,0.0,0.0,0.0,0.0,0.0,0.0,0.0
15.0,20.0,A Kumble,0.0,0.0,0.0,0.0,0.0,0.0,1.0,5.0,0.0,4.0,10.0,0.0,0.0,0.0,0.0,0.0,0.0,0.0,0.0,0.0
12.0,140.0,S Anirudha,1.0,3.0,2.0,5.0,2.0,3.0,10.0,12.0,11.0,16.0,31.0,6.0,0.0,5.0,7.0,1.0,13.0,7.0,3.0,2.0
3.0,19.0,CK Kapugedera,0.0,0.0,0.0,0.0,0.0,0.0,1.0,3.0,5.0,4.0,6.0,0.0,0.0,0.0,0.0,0.0,0.0,0.0,0.0,0.0
6.0,58.0,A Chopra,2.0,13.0,1.0,0.0,0.0,0.0,1.0,1.0,0.0,0.0,0.0,8.0,0.0,3.0,1.0,5.0,10.0,2.0,6.0,5.0
3.0,27.0,T Taibu,0.0,11.0,1.0,0.0,0.0,2.0,2.0,3.0,0.0,0.0,5.0,0.0,0.0,0.0,0.0,0.0,0.0,0.0,2.0,1.0
3.0,25.0,J Arunkumar,5.0,0.0,0.0,0.0,0.0,0.0,0.0,0.0,0.0,0.0,0.0,1.0,0.0,5.0,1.0,13.0,0.0,0.0,0.0,0.0
19.0,12.0,PP Ojha,0.0,0.0,0.0,0.0,0.0,0.0,0.0,0.0,2.0,2.0,8.0,0.0,0.0,0.0,0.0,0.0,0.0,0.0,0.0,0.0
16.0,243.0,SP Goswami,15.0,8.0,6.0,11.0,6.0,13.0,10.0,15.0,2.0,1.0,1.0,28.0,0.0,20.0,29.0,16.0,20.0,12.0,22.0,8.0
78.0,2501.0,SR Tendulkar,121.0,116.0,134.0,113.0,91.0,69.0,71.0,99.0,46.0,16.0,37.0,238.0,0.0,191.0,277.0,184.0,243.0,161.0,171.0,123.0
1.0,0.0,U Kaul,0.0,0.0,0.0,0.0,0.0,0.0,0.0,0.0,0.0,0.0,0.0,0.0,0.0,0.0,0.0,0.0,0.0,0.0,0.0,0.0
50.0,1219.0,TM Dilshan,76.0,51.0,57.0,51.0,38.0,57.0,45.0,40.0,69.0,29.0,47.0,102.0,0.0,48.0,100.0,86.0,114.0,59.0,59.0,91.0
11.0,71.0,AD Mascarenhas,0.0,2.0,1.0,2.0,3.0,6.0,13.0,17.0,14.0,4.0,5.0,0.0,0.0,0.0,0.0,4.0,0.0,0.0,0.0,0.0
6.0,120.0,Niraj Patel,5.0,11.0,3.0,0.0,2.0,2.0,3.0,6.0,4.0,9.0,12.0,5.0,0.0,2.0,20.0,8.0,10.0,7.0,5.0,6.0
16.0,305.0,LA Pomersbach,5.0,10.0,7.0,15.0,18.0,31.0,38.0,10.0,21.0,13.0,6.0,10.0,0.0,14.0,43.0,20.0,17.0,13.0,11.0,3.0
1.0,3.0,Younis Khan,0.0,0.0,0.0,0.0,0.0,0.0,0.0,0.0,0.0,0.0,0.0,2.0,0.0,1.0,0.0,0.0,0.0,0.0,0.0,0.0
1.0,0.0,PM Sarvesh Kumar,0.0,0.0,0.0,0.0,0.0,0.0,0.0,0.0,0.0,0.0,0.0,0.0,0.0,0.0,0.0,0.0,0.0,0.0,0.0,0.0
1.0,0.0,DP Vijaykumar,0.0,0.0,0.0,0.0,0.0,0.0,0.0,0.0,0.0,0.0,0.0,0.0,0.0,0.0,0.0,0.0,0.0,0.0,0.0,0.0
1.0,3.0,Shoaib Akhtar,0.0,0.0,0.0,0.0,1.0,1.0,1.0,0.0,0.0,0.0,0.0,0.0,0.0,0.0,0.0,0.0,0.0,0.0,0.0,0.0
1.0,0.0,Abdur Razzak,0.0,0.0,0.0,0.0,0.0,0.0,0.0,0.0,0.0,0.0,0.0,0.0,0.0,0.0,0.0,0.0,0.0,0.0,0.0,0.0
1.0,2.0,H Das,0.0,0.0,0.0,0.0,0.0,0.0,0.0,0.0,0.0,1.0,1.0,0.0,0.0,0.0,0.0,0.0,0.0,0.0,0.0,0.0
8.0,91.0,SD Chitnis,0.0,13.0,2.0,7.0,12.0,13.0,2.0,5.0,7.0,10.0,10.0,0.0,0.0,0.0,0.0,0.0,1.0,7.0,1.0,1.0
2.0,0.0,CRD Fernando,0.0,0.0,0.0,0.0,0.0,0.0,0.0,0.0,0.0,0.0,0.0,0.0,0.0,0.0,0.0,0.0,0.0,0.0,0.0,0.0
1.0,0.0,VS Yeligati,0.0,0.0,0.0,0.0,0.0,0.0,0.0,0.0,0.0,0.0,0.0,0.0,0.0,0.0,0.0,0.0,0.0,0.0,0.0,0.0
13.0,29.0,L Balaji,0.0,0.0,0.0,0.0,0.0,0.0,1.0,3.0,9.0,6.0,10.0,0.0,0.0,0.0,0.0,0.0,0.0,0.0,0.0,0.0
2.0,20.0,A Mukund,1.0,0.0,0.0,0.0,0.0,0.0,0.0,0.0,0.0,0.0,0.0,1.0,0.0,1.0,5.0,3.0,4.0,4.0,1.0,0.0
9.0,33.0,RR Powar,0.0,0.0,0.0,0.0,0.0,0.0,0.0,3.0,11.0,5.0,14.0,0.0,0.0,0.0,0.0,0.0,0.0,0.0,0.0,0.0
73.0,1909.0,JP Duminy,7.0,91.0,79.0,150.0,134.0,125.0,165.0,177.0,171.0,248.0,129.0,3.0,0.0,54.0,70.0,51.0,53.0,66.0,54.0,82.0
3.0,63.0,A Flintoff,0.0,2.0,1.0,3.0,3.0,0.0,7.0,3.0,6.0,6.0,2.0,0.0,0.0,0.0,1.0,14.0,6.0,1.0,1.0,7.0
4.0,6.0,T Thushara,0.0,0.0,0.0,0.0,0.0,0.0,0.0,0.0,0.0,1.0,5.0,0.0,0.0,0.0,0.0,0.0,0.0,0.0,0.0,0.0
29.0,629.0,JD Ryder,86.0,21.0,18.0,5.0,8.0,4.0,6.0,17.0,14.0,2.0,11.0,53.0,0.0,128.0,71.0,67.0,58.0,19.0,17.0,24.0
36.0,1013.0,KP Pietersen,24.0,40.0,54.0,51.0,44.0,39.0,41.0,13.0,22.0,49.0,14.0,41.0,0.0,40.0,92.0,100.0,115.0,80.0,95.0,59.0
2.0,12.0,T Henderson,0.0,0.0,0.0,0.0,0.0,0.0,0.0,0.0,0.0,0.0,0.0,0.0,0.0,0.0,0.0,3.0,0.0,0.0,8.0,1.0
1.0,3.0,Kamran Khan,0.0,0.0,0.0,0.0,0.0,0.0,3.0,0.0,0.0,0.0,0.0,0.0,0.0,0.0,0.0,0.0,0.0,0.0,0.0,0.0
22.0,534.0,RS Bopara,27.0,20.0,25.0,25.0,33.0,38.0,26.0,53.0,26.0,48.0,32.0,20.0,0.0,26.0,32.0,27.0,15.0,23.0,15.0,23.0
3.0,19.0,R Bishnoi,0.0,0.0,0.0,0.0,0.0,0.0,0.0,0.0,1.0,0.0,0.0,4.0,0.0,6.0,8.0,0.0,0.0,0.0,0.0,0.0
2.0,1.0,FH Edwards,0.0,0.0,0.0,0.0,0.0,0.0,0.0,0.0,0.0,0.0,1.0,0.0,0.0,0.0,0.0,0.0,0.0,0.0,0.0,0.0
23.0,539.0,PC Valthaty,36.0,28.0,34.0,4.0,16.0,7.0,2.0,19.0,17.0,2.0,8.0,68.0,0.0,94.0,51.0,53.0,33.0,19.0,25.0,23.0
7.0,114.0,RJ Quiney,21.0,2.0,5.0,1.0,7.0,11.0,0.0,1.0,0.0,0.0,0.0,9.0,0.0,18.0,7.0,9.0,11.0,3.0,2.0,7.0
16.0,165.0,AS Raut,0.0,3.0,6.0,4.0,2.0,11.0,36.0,13.0,30.0,20.0,28.0,0.0,0.0,0.0,0.0,0.0,7.0,3.0,2.0,0.0
4.0,49.0,Yashpal Singh,0.0,0.0,2.0,3.0,1.0,2.0,3.0,6.0,2.0,5.0,4.0,1.0,0.0,5.0,2.0,2.0,9.0,1.0,1.0,0.0
38.0,482.0,M Manhas,2.0,11.0,34.0,23.0,39.0,37.0,42.0,41.0,43.0,67.0,40.0,4.0,0.0,6.0,9.0,6.0,22.0,16.0,20.0,20.0
7.0,64.0,AA Bilakhia,0.0,0.0,0.0,0.0,0.0,0.0,0.0,2.0,4.0,7.0,12.0,12.0,0.0,4.0,1.0,6.0,2.0,4.0,8.0,2.0
2.0,7.0,AN Ghosh,0.0,0.0,0.0,0.0,0.0,0.0,0.0,0.0,0.0,0.0,0.0,0.0,0.0,2.0,1.0,4.0,0.0,0.0,0.0,0.0
3.0,2.0,BAW Mendis,0.0,0.0,0.0,0.0,0.0,0.0,0.0,0.0,0.0,0.0,2.0,0.0,0.0,0.0,0.0,0.0,0.0,0.0,0.0,0.0
16.0,112.0,DL Vettori,0.0,10.0,12.0,7.0,5.0,6.0,5.0,19.0,14.0,9.0,18.0,0.0,0.0,0.0,0.0,0.0,0.0,0.0,3.0,4.0
5.0,166.0,MN van Wyk,1.0,9.0,6.0,21.0,19.0,8.0,4.0,12.0,15.0,16.0,17.0,6.0,0.0,8.0,9.0,5.0,1.0,4.0,1.0,4.0
15.0,165.0,RE van der Merwe,1.0,2.0,6.0,5.0,8.0,20.0,10.0,6.0,18.0,23.0,2.0,2.0,0.0,7.0,11.0,13.0,2.0,4.0,21.0,4.0
39.0,671.0,TL Suman,12.0,36.0,32.0,54.0,57.0,46.0,55.0,49.0,37.0,22.0,12.0,24.0,0.0,41.0,34.0,50.0,31.0,20.0,19.0,40.0
3.0,1.0,Shoaib Ahmed,0.0,0.0,0.0,0.0,0.0,0.0,1.0,0.0,0.0,0.0,0.0,0.0,0.0,0.0,0.0,0.0,0.0,0.0,0.0,0.0
1.0,15.0,GR Napier,0.0,0.0,0.0,1.0,2.0,5.0,2.0,5.0,0.0,0.0,0.0,0.0,0.0,0.0,0.0,0.0,0.0,0.0,0.0,0.0
3.0,0.0,KP Appanna,0.0,0.0,0.0,0.0,0.0,0.0,0.0,0.0,0.0,0.0,0.0,0.0,0.0,0.0,0.0,0.0,0.0,0.0,0.0,0.0
5.0,79.0,LA Carseldine,2.0,1.0,0.0,0.0,0.0,0.0,6.0,2.0,2.0,6.0,3.0,3.0,0.0,3.0,5.0,13.0,14.0,5.0,7.0,7.0
2.0,9.0,SM Harwood,0.0,0.0,0.0,0.0,0.0,0.0,0.0,0.0,0.0,1.0,8.0,0.0,0.0,0.0,0.0,0.0,0.0,0.0,0.0,0.0
99.0,2627.0,M Vijay,224.0,114.0,110.0,100.0,93.0,73.0,75.0,52.0,26.0,20.0,22.0,275.0,0.0,347.0,251.0,261.0,211.0,145.0,123.0,105.0
5.0,11.0,SB Jakati,0.0,0.0,0.0,0.0,0.0,0.0,0.0,0.0,0.0,5.0,6.0,0.0,0.0,0.0,0.0,0.0,0.0,0.0,0.0,0.0
21.0,77.0,RJ Harris,0.0,0.0,1.0,1.0,2.0,5.0,11.0,12.0,18.0,5.0,22.0,0.0,0.0,0.0,0.0,0.0,0.0,0.0,0.0,0.0
1.0,10.0,D du Preez,0.0,0.0,0.0,0.0,0.0,0.0,3.0,4.0,2.0,0.0,1.0,0.0,0.0,0.0,0.0,0.0,0.0,0.0,0.0,0.0
20.0,62.0,M Morkel,0.0,0.0,0.0,0.0,0.0,1.0,10.0,0.0,3.0,22.0,26.0,0.0,0.0,0.0,0.0,0.0,0.0,0.0,0.0,0.0
28.0,387.0,J Botha,1.0,18.0,12.0,37.0,28.0,22.0,30.0,25.0,30.0,40.0,31.0,6.0,0.0,0.0,17.0,6.0,18.0,12.0,23.0,31.0
1.0,0.0,C Nanda,0.0,0.0,0.0,0.0,0.0,0.0,0.0,0.0,0.0,0.0,0.0,0.0,0.0,0.0,0.0,0.0,0.0,0.0,0.0,0.0
1.0,0.0,Mashrafe Mortaza,0.0,0.0,0.0,0.0,0.0,0.0,0.0,0.0,0.0,0.0,0.0,0.0,0.0,0.0,0.0,0.0,0.0,0.0,0.0,0.0
5.0,2.0,A Singh,0.0,0.0,0.0,0.0,0.0,0.0,0.0,0.0,0.0,1.0,1.0,0.0,0.0,0.0,0.0,0.0,0.0,0.0,0.0,0.0
36.0,644.0,GJ Bailey,10.0,16.0,21.0,20.0,21.0,21.0,28.0,41.0,61.0,73.0,115.0,10.0,0.0,25.0,16.0,20.0,57.0,35.0,30.0,24.0
9.0,106.0,AB McDonald,1.0,0.0,2.0,3.0,2.0,3.0,3.0,2.0,6.0,23.0,31.0,6.0,0.0,18.0,0.0,2.0,4.0,0.0,0.0,0.0
20.0,287.0,Y Nagar,0.0,7.0,10.0,16.0,20.0,24.0,23.0,32.0,45.0,50.0,44.0,0.0,0.0,0.0,0.0,0.0,2.0,3.0,5.0,6.0
1.0,6.0,SS Shaikh,0.0,0.0,5.0,1.0,0.0,0.0,0.0,0.0,0.0,0.0,0.0,0.0,0.0,0.0,0.0,0.0,0.0,0.0,0.0,0.0
36.0,173.0,R Ashwin,5.0,4.0,9.0,13.0,14.0,10.0,6.0,10.0,23.0,31.0,33.0,0.0,0.0,0.0,5.0,2.0,1.0,3.0,2.0,2.0
1.0,5.0,Mohammad Ashraful,0.0,0.0,0.0,0.0,0.0,0.0,0.0,0.0,0.0,0.0,0.0,0.0,0.0,2.0,2.0,1.0,0.0,0.0,0.0,0.0
22.0,421.0,CA Pujara,39.0,13.0,18.0,10.0,20.0,22.0,11.0,9.0,22.0,4.0,15.0,32.0,0.0,52.0,44.0,43.0,24.0,11.0,19.0,13.0
22.0,512.0,OA Shah,0.0,18.0,29.0,21.0,42.0,41.0,55.0,70.0,64.0,54.0,59.0,1.0,0.0,0.0,0.0,10.0,13.0,8.0,15.0,12.0
4.0,66.0,Anirudh Singh,0.0,1.0,3.0,4.0,7.0,13.0,2.0,4.0,1.0,8.0,0.0,3.0,0.0,6.0,1.0,5.0,5.0,0.0,2.0,1.0
4.0,2.0,Jaskaran Singh,0.0,0.0,0.0,0.0,0.0,0.0,1.0,0.0,0.0,0.0,1.0,0.0,0.0,0.0,0.0,0.0,0.0,0.0,0.0,0.0
24.0,277.0,R Sathish,0.0,12.0,14.0,21.0,15.0,32.0,16.0,23.0,40.0,62.0,41.0,0.0,0.0,0.0,0.0,0.0,0.0,0.0,0.0,1.0
13.0,150.0,R McLaren,2.0,7.0,8.0,6.0,8.0,20.0,14.0,14.0,10.0,9.0,20.0,0.0,0.0,1.0,1.0,8.0,2.0,6.0,10.0,4.0
15.0,223.0,AA Jhunjhunwala,0.0,7.0,5.0,9.0,14.0,19.0,14.0,17.0,13.0,19.0,14.0,1.0,0.0,0.0,7.0,7.0,16.0,9.0,31.0,21.0
12.0,123.0,P Dogra,0.0,4.0,8.0,13.0,5.0,13.0,9.0,23.0,15.0,26.0,4.0,0.0,0.0,0.0,0.0,0.0,0.0,0.0,0.0,3.0
2.0,2.0,A Uniyal,0.0,0.0,0.0,0.0,0.0,0.0,0.0,0.0,0.0,1.0,1.0,0.0,0.0,0.0,0.0,0.0,0.0,0.0,0.0,0.0
39.0,894.0,MS Bisla,77.0,30.0,26.0,29.0,29.0,19.0,8.0,12.0,21.0,17.0,2.0,77.0,0.0,80.0,95.0,121.0,94.0,56.0,52.0,49.0
1.0,0.0,YA Abdulla,0.0,0.0,0.0,0.0,0.0,0.0,0.0,0.0,0.0,0.0,0.0,0.0,0.0,0.0,0.0,0.0,0.0,0.0,0.0,0.0
2.0,27.0,JM Kemp,0.0,9.0,0.0,0.0,0.0,0.0,0.0,1.0,3.0,1.0,0.0,0.0,0.0,0.0,0.0,0.0,2.0,7.0,3.0,1.0
1.0,2.0,S Tyagi,0.0,0.0,0.0,0.0,0.0,0.0,0.0,0.0,0.0,0.0,2.0,0.0,0.0,0.0,0.0,0.0,0.0,0.0,0.0,0.0
1.0,2.0,RS Gavaskar,0.0,0.0,1.0,1.0,0.0,0.0,0.0,0.0,0.0,0.0,0.0,0.0,0.0,0.0,0.0,0.0,0.0,0.0,0.0,0.0
1.0,1.0,SE Bond,0.0,0.0,0.0,0.0,1.0,0.0,0.0,0.0,0.0,0.0,0.0,0.0,0.0,0.0,0.0,0.0,0.0,0.0,0.0,0.0
2.0,1.0,S Ladda,0.0,0.0,0.0,0.0,0.0,0.0,1.0,0.0,0.0,0.0,0.0,0.0,0.0,0.0,0.0,0.0,0.0,0.0,0.0,0.0
2.0,3.0,DP Nannes,0.0,0.0,0.0,0.0,0.0,1.0,1.0,1.0,0.0,0.0,0.0,0.0,0.0,0.0,0.0,0.0,0.0,0.0,0.0,0.0
12.0,297.0,MJ Lumb,65.0,3.0,2.0,0.0,0.0,0.0,0.0,0.0,0.0,0.0,0.0,38.0,0.0,40.0,62.0,25.0,13.0,24.0,9.0,16.0
1.0,21.0,DR Martyn,0.0,1.0,2.0,1.0,4.0,1.0,1.0,1.0,5.0,0.0,0.0,0.0,0.0,0.0,0.0,0.0,1.0,1.0,1.0,2.0
4.0,37.0,S Narwal,0.0,0.0,0.0,6.0,7.0,0.0,0.0,6.0,10.0,4.0,4.0,0.0,0.0,0.0,0.0,0.0,0.0,0.0,0.0,0.0
3.0,44.0,AB Barath,1.0,9.0,0.0,0.0,0.0,0.0,0.0,0.0,0.0,1.0,1.0,1.0,0.0,0.0,8.0,4.0,5.0,2.0,7.0,5.0
11.0,205.0,FY Fazal,10.0,16.0,15.0,6.0,4.0,8.0,2.0,3.0,7.0,12.0,15.0,8.0,0.0,28.0,17.0,12.0,15.0,11.0,9.0,7.0
7.0,162.0,AC Voges,0.0,8.0,4.0,9.0,12.0,32.0,17.0,19.0,18.0,13.0,12.0,0.0,0.0,0.0,1.0,1.0,5.0,4.0,4.0,3.0
17.0,254.0,MD Mishra,21.0,11.0,13.0,4.0,8.0,6.0,2.0,4.0,5.0,2.0,16.0,24.0,0.0,13.0,43.0,14.0,25.0,20.0,5.0,18.0
4.0,7.0,J Theron,0.0,0.0,0.0,0.0,0.0,0.0,0.0,0.0,1.0,1.0,5.0,0.0,0.0,0.0,0.0,0.0,0.0,0.0,0.0,0.0
4.0,0.0,SJ Srivastava,0.0,0.0,0.0,0.0,0.0,0.0,0.0,0.0,0.0,0.0,0.0,0.0,0.0,0.0,0.0,0.0,0.0,0.0,0.0,0.0
19.0,61.0,R Sharma,0.0,0.0,0.0,0.0,0.0,0.0,1.0,11.0,11.0,13.0,25.0,0.0,0.0,0.0,0.0,0.0,0.0,0.0,0.0,0.0
5.0,22.0,SW Tait,0.0,0.0,0.0,0.0,0.0,1.0,9.0,3.0,1.0,3.0,5.0,0.0,0.0,0.0,0.0,0.0,0.0,0.0,0.0,0.0
8.0,58.0,KB Arun Karthik,0.0,7.0,5.0,2.0,5.0,1.0,6.0,0.0,10.0,9.0,8.0,0.0,0.0,0.0,0.0,0.0,0.0,0.0,1.0,4.0
1.0,10.0,KAJ Roach,0.0,0.0,0.0,0.0,0.0,0.0,5.0,4.0,1.0,0.0,0.0,0.0,0.0,0.0,0.0,0.0,0.0,0.0,0.0,0.0
7.0,210.0,PD Collingwood,0.0,5.0,11.0,25.0,6.0,16.0,6.0,15.0,12.0,13.0,40.0,0.0,0.0,0.0,7.0,12.0,8.0,15.0,11.0,8.0
2.0,8.0,CK Langeveldt,0.0,0.0,0.0,0.0,0.0,0.0,1.0,6.0,1.0,0.0,0.0,0.0,0.0,0.0,0.0,0.0,0.0,0.0,0.0,0.0
2.0,8.0,VS Malik,0.0,0.0,0.0,0.0,0.0,0.0,0.0,0.0,0.0,3.0,5.0,0.0,0.0,0.0,0.0,0.0,0.0,0.0,0.0,0.0
6.0,31.0,A Mithun,0.0,0.0,2.0,11.0,1.0,3.0,1.0,6.0,0.0,0.0,7.0,0.0,0.0,0.0,0.0,0.0,0.0,0.0,0.0,0.0
2.0,29.0,AP Dole,0.0,0.0,0.0,0.0,0.0,0.0,1.0,1.0,6.0,6.0,15.0,0.0,0.0,0.0,0.0,0.0,0.0,0.0,0.0,0.0
6.0,21.0,AN Ahmed,0.0,0.0,0.0,0.0,0.0,0.0,0.0,0.0,3.0,4.0,14.0,0.0,0.0,0.0,0.0,0.0,0.0,0.0,0.0,0.0
1.0,4.0,RS Sodhi,0.0,0.0,0.0,0.0,0.0,0.0,0.0,0.0,0.0,0.0,4.0,0.0,0.0,0.0,0.0,0.0,0.0,0.0,0.0,0.0
4.0,14.0,DE Bollinger,0.0,0.0,0.0,0.0,0.0,0.0,0.0,0.0,2.0,8.0,4.0,0.0,0.0,0.0,0.0,0.0,0.0,0.0,0.0,0.0
2.0,39.0,S Sriram,1.0,6.0,8.0,0.0,0.0,0.0,0.0,0.0,0.0,0.0,0.0,1.0,0.0,1.0,7.0,5.0,0.0,1.0,2.0,7.0
4.0,29.0,B Sumanth,0.0,0.0,0.0,0.0,4.0,5.0,1.0,3.0,5.0,4.0,7.0,0.0,0.0,0.0,0.0,0.0,0.0,0.0,0.0,0.0
1.0,22.0,C Madan,8.0,0.0,0.0,0.0,0.0,0.0,0.0,0.0,0.0,0.0,0.0,1.0,0.0,5.0,8.0,0.0,0.0,0.0,0.0,0.0
5.0,56.0,AG Paunikar,17.0,0.0,0.0,0.0,0.0,0.0,0.0,0.0,0.0,0.0,0.0,19.0,0.0,14.0,2.0,3.0,1.0,0.0,0.0,0.0
14.0,218.0,MR Marsh,0.0,5.0,8.0,10.0,12.0,17.0,37.0,37.0,32.0,31.0,22.0,0.0,0.0,0.0,0.0,0.0,0.0,0.0,6.0,1.0
4.0,13.0,Harmeet Singh,0.0,0.0,0.0,0.0,0.0,0.0,0.0,0.0,0.0,0.0,13.0,0.0,0.0,0.0,0.0,0.0,0.0,0.0,0.0,0.0
9.0,34.0,RV Gomez,0.0,0.0,0.0,0.0,0.0,0.0,2.0,6.0,6.0,4.0,16.0,0.0,0.0,0.0,0.0,0.0,0.0,0.0,0.0,0.0
7.0,39.0,AUK Pathan,14.0,0.0,0.0,0.0,0.0,4.0,0.0,0.0,0.0,0.0,13.0,1.0,0.0,0.0,0.0,0.0,0.0,7.0,0.0,0.0
20.0,327.0,UBT Chand,12.0,24.0,9.0,16.0,11.0,12.0,5.0,24.0,2.0,5.0,0.0,9.0,0.0,30.0,29.0,32.0,19.0,47.0,20.0,21.0
7.0,102.0,DJ Jacobs,20.0,0.0,0.0,0.0,0.0,0.0,0.0,0.0,0.0,0.0,0.0,16.0,0.0,33.0,12.0,11.0,0.0,1.0,5.0,4.0
5.0,43.0,Sunny Singh,0.0,0.0,1.0,7.0,11.0,1.0,0.0,0.0,0.0,0.0,7.0,0.0,0.0,0.0,8.0,0.0,7.0,1.0,0.0,0.0
1.0,0.0,NJ Rimmington,0.0,0.0,0.0,0.0,0.0,0.0,0.0,0.0,0.0,0.0,0.0,0.0,0.0,0.0,0.0,0.0,0.0,0.0,0.0,0.0
23.0,414.0,AL Menaria,0.0,43.0,53.0,45.0,38.0,21.0,17.0,18.0,42.0,34.0,7.0,0.0,0.0,0.0,0.0,1.0,7.0,16.0,21.0,51.0
12.0,62.0,WD Parnell,0.0,0.0,0.0,0.0,0.0,3.0,2.0,10.0,3.0,12.0,15.0,1.0,0.0,6.0,9.0,1.0,0.0,0.0,0.0,0.0
3.0,12.0,JJ van der Wath,0.0,0.0,0.0,0.0,1.0,3.0,0.0,0.0,0.0,0.0,8.0,0.0,0.0,0.0,0.0,0.0,0.0,0.0,0.0,0.0
1.0,4.0,R Ninan,0.0,0.0,0.0,0.0,0.0,0.0,0.0,0.0,0.0,1.0,3.0,0.0,0.0,0.0,0.0,0.0,0.0,0.0,0.0,0.0
3.0,23.0,MS Wade,0.0,3.0,0.0,0.0,0.0,3.0,0.0,0.0,0.0,0.0,0.0,0.0,0.0,0.0,1.0,1.0,1.0,5.0,4.0,5.0
2.0,15.0,TD Paine,3.0,0.0,0.0,0.0,0.0,0.0,0.0,0.0,0.0,0.0,0.0,4.0,0.0,2.0,3.0,3.0,0.0,0.0,0.0,0.0
2.0,2.0,SB Wagh,0.0,0.0,0.0,0.0,0.0,0.0,0.0,0.0,2.0,0.0,0.0,0.0,0.0,0.0,0.0,0.0,0.0,0.0,0.0,0.0
4.0,19.0,AC Thomas,0.0,0.0,0.0,0.0,0.0,0.0,0.0,1.0,6.0,10.0,2.0,0.0,0.0,0.0,0.0,0.0,0.0,0.0,0.0,0.0
16.0,311.0,JEC Franklin,11.0,10.0,20.0,35.0,14.0,18.0,35.0,20.0,22.0,10.0,19.0,7.0,0.0,14.0,12.0,12.0,28.0,7.0,7.0,10.0
17.0,150.0,DH Yagnik,0.0,12.0,12.0,16.0,12.0,0.0,13.0,4.0,10.0,21.0,35.0,0.0,0.0,0.0,0.0,0.0,0.0,0.0,9.0,6.0
1.0,2.0,S Randiv,0.0,0.0,0.0,0.0,0.0,0.0,0.0,0.0,0.0,0.0,2.0,0.0,0.0,0.0,0.0,0.0,0.0,0.0,0.0,0.0
1.0,18.0,BJ Haddin,0.0,0.0,0.0,0.0,0.0,0.0,0.0,0.0,0.0,0.0,0.0,13.0,0.0,0.0,5.0,0.0,0.0,0.0,0.0,0.0
30.0,431.0,NLTC Perera,3.0,7.0,14.0,6.0,23.0,44.0,39.0,57.0,83.0,66.0,54.0,0.0,0.0,0.0,0.0,15.0,5.0,2.0,4.0,9.0
2.0,18.0,NL McCullum,0.0,0.0,0.0,0.0,0.0,5.0,1.0,2.0,3.0,2.0,5.0,0.0,0.0,0.0,0.0,0.0,0.0,0.0,0.0,0.0
2.0,4.0,JE Taylor,0.0,0.0,0.0,0.0,0.0,0.0,0.0,0.0,0.0,0.0,4.0,0.0,0.0,0.0,0.0,0.0,0.0,0.0,0.0,0.0
5.0,27.0,J Syed Mohammad,0.0,0.0,1.0,5.0,1.0,2.0,0.0,0.0,0.0,9.0,9.0,0.0,0.0,0.0,0.0,0.0,0.0,0.0,0.0,0.0
21.0,288.0,RN ten Doeschate,0.0,11.0,13.0,6.0,12.0,14.0,13.0,24.0,42.0,46.0,61.0,0.0,0.0,0.0,0.0,0.0,6.0,6.0,17.0,17.0
5.0,79.0,TR Birt,0.0,2.0,0.0,2.0,6.0,0.0,3.0,11.0,14.0,30.0,8.0,0.0,0.0,0.0,0.0,0.0,0.0,2.0,0.0,1.0
3.0,3.0,AG Murtaza,0.0,0.0,0.0,0.0,0.0,0.0,0.0,0.0,0.0,0.0,3.0,0.0,0.0,0.0,0.0,0.0,0.0,0.0,0.0,0.0
3.0,19.0,Harpreet Singh,0.0,0.0,0.0,0.0,2.0,2.0,2.0,5.0,5.0,3.0,0.0,0.0,0.0,0.0,0.0,0.0,0.0,0.0,0.0,0.0
4.0,77.0,M Klinger,13.0,5.0,2.0,1.0,0.0,0.0,0.0,0.0,0.0,0.0,0.0,6.0,0.0,8.0,9.0,9.0,8.0,7.0,4.0,5.0
7.0,126.0,AC Blizzard,49.0,0.0,0.0,0.0,0.0,0.0,0.0,0.0,0.0,0.0,0.0,4.0,0.0,26.0,11.0,5.0,10.0,11.0,10.0,0.0
1.0,1.0,I Malhotra,0.0,0.0,0.0,0.0,0.0,0.0,0.0,0.0,0.0,0.0,1.0,0.0,0.0,0.0,0.0,0.0,0.0,0.0,0.0,0.0
1.0,0.0,L Ablish,0.0,0.0,0.0,0.0,0.0,0.0,0.0,0.0,0.0,0.0,0.0,0.0,0.0,0.0,0.0,0.0,0.0,0.0,0.0,0.0
3.0,27.0,CA Ingram,1.0,8.0,1.0,0.0,0.0,0.0,0.0,0.0,0.0,0.0,0.0,0.0,0.0,0.0,5.0,1.0,5.0,3.0,1.0,2.0
2.0,0.0,P Parameswaran,0.0,0.0,0.0,0.0,0.0,0.0,0.0,0.0,0.0,0.0,0.0,0.0,0.0,0.0,0.0,0.0,0.0,0.0,0.0,0.0
8.0,101.0,CJ Ferguson,0.0,5.0,2.0,1.0,3.0,5.0,4.0,6.0,15.0,2.0,1.0,0.0,0.0,5.0,1.0,6.0,5.0,5.0,21.0,14.0
3.0,10.0,AA Chavan,0.0,0.0,0.0,0.0,0.0,1.0,0.0,0.0,4.0,0.0,5.0,0.0,0.0,0.0,0.0,0.0,0.0,0.0,0.0,0.0
1.0,0.0,ND Doshi,0.0,0.0,0.0,0.0,0.0,0.0,0.0,0.0,0.0,0.0,0.0,0.0,0.0,0.0,0.0,0.0,0.0,0.0,0.0,0.0
1.0,20.0,Y Gnaneswara Rao,0.0,0.0,0.0,0.0,0.0,0.0,0.0,0.0,0.0,0.0,0.0,0.0,0.0,2.0,1.0,1.0,11.0,5.0,0.0,0.0
8.0,80.0,S Rana,0.0,0.0,0.0,0.0,0.0,0.0,2.0,7.0,4.0,28.0,17.0,0.0,0.0,2.0,8.0,2.0,9.0,1.0,0.0,0.0
2.0,0.0,BA Bhatt,0.0,0.0,0.0,0.0,0.0,0.0,0.0,0.0,0.0,0.0,0.0,0.0,0.0,0.0,0.0,0.0,0.0,0.0,0.0,0.0
6.0,89.0,RE Levi,4.0,0.0,0.0,0.0,0.0,0.0,0.0,0.0,0.0,0.0,0.0,12.0,0.0,17.0,11.0,6.0,16.0,12.0,11.0,0.0
12.0,88.0,KK Cooper,0.0,2.0,7.0,0.0,0.0,0.0,0.0,12.0,16.0,3.0,15.0,0.0,0.0,0.0,0.0,0.0,7.0,7.0,10.0,9.0
12.0,39.0,HV Patel,0.0,0.0,0.0,0.0,0.0,0.0,2.0,10.0,4.0,14.0,9.0,0.0,0.0,0.0,0.0,0.0,0.0,0.0,0.0,0.0
1.0,8.0,DAJ Bracewell,0.0,0.0,0.0,0.0,0.0,0.0,0.0,0.0,0.0,6.0,2.0,0.0,0.0,0.0,0.0,0.0,0.0,0.0,0.0,0.0
4.0,119.0,DJ Harris,14.0,3.0,2.0,8.0,0.0,0.0,0.0,0.0,0.0,0.0,0.0,8.0,0.0,7.0,16.0,11.0,9.0,8.0,28.0,5.0
4.0,13.0,GB Hogg,0.0,0.0,0.0,0.0,0.0,0.0,0.0,0.0,0.0,4.0,9.0,0.0,0.0,0.0,0.0,0.0,0.0,0.0,0.0,0.0
1.0,0.0,RR Bhatkal,0.0,0.0,0.0,0.0,0.0,0.0,0.0,0.0,0.0,0.0,0.0,0.0,0.0,0.0,0.0,0.0,0.0,0.0,0.0,0.0
1.0,8.0,CJ McKay,0.0,0.0,1.0,2.0,2.0,1.0,2.0,0.0,0.0,0.0,0.0,0.0,0.0,0.0,0.0,0.0,0.0,0.0,0.0,0.0
10.0,143.0,N Saini,8.0,6.0,8.0,3.0,1.0,6.0,6.0,1.0,0.0,0.0,4.0,16.0,0.0,15.0,8.0,20.0,18.0,9.0,11.0,3.0
21.0,402.0,Azhar Mahmood,1.0,24.0,46.0,39.0,31.0,20.0,40.0,29.0,50.0,37.0,3.0,0.0,0.0,0.0,0.0,3.0,20.0,8.0,35.0,16.0
5.0,35.0,RJ Peterson,0.0,5.0,4.0,2.0,3.0,0.0,0.0,1.0,2.0,2.0,16.0,0.0,0.0,0.0,0.0,0.0,0.0,0.0,0.0,0.0
1.0,4.0,KMDN Kulasekara,0.0,0.0,0.0,0.0,0.0,0.0,0.0,0.0,0.0,0.0,4.0,0.0,0.0,0.0,0.0,0.0,0.0,0.0,0.0,0.0
23.0,229.0,A Ashish Reddy,0.0,0.0,0.0,1.0,9.0,22.0,29.0,22.0,32.0,42.0,66.0,0.0,0.0,0.0,0.0,0.0,6.0,0.0,0.0,0.0
1.0,0.0,V Pratap Singh,0.0,0.0,0.0,0.0,0.0,0.0,0.0,0.0,0.0,0.0,0.0,0.0,0.0,0.0,0.0,0.0,0.0,0.0,0.0,0.0
8.0,123.0,BB Samantray,0.0,6.0,4.0,17.0,6.0,12.0,9.0,11.0,2.0,13.0,9.0,0.0,0.0,0.0,2.0,5.0,9.0,7.0,4.0,7.0
6.0,104.0,MJ Clarke,4.0,1.0,1.0,5.0,0.0,0.0,0.0,0.0,0.0,0.0,0.0,10.0,0.0,17.0,9.0,17.0,22.0,8.0,8.0,2.0
24.0,328.0,Gurkeerat Singh,0.0,14.0,10.0,21.0,21.0,22.0,26.0,32.0,61.0,37.0,13.0,0.0,0.0,0.0,3.0,5.0,15.0,11.0,19.0,18.0
4.0,90.0,AP Majumdar,0.0,13.0,20.0,8.0,7.0,3.0,4.0,2.0,0.0,0.0,0.0,1.0,0.0,0.0,8.0,2.0,11.0,3.0,6.0,2.0
10.0,172.0,PA Reddy,24.0,2.0,5.0,6.0,2.0,3.0,5.0,9.0,6.0,0.0,0.0,31.0,0.0,4.0,14.0,17.0,20.0,7.0,9.0,8.0
2.0,4.0,K Upadhyay,0.0,0.0,0.0,0.0,0.0,0.0,0.0,0.0,0.0,0.0,4.0,0.0,0.0,0.0,0.0,0.0,0.0,0.0,0.0,0.0
5.0,2.0,P Awana,0.0,0.0,0.0,0.0,0.0,0.0,0.0,0.0,0.0,0.0,2.0,0.0,0.0,0.0,0.0,0.0,0.0,0.0,0.0,0.0
25.0,580.0,AD Russell,0.0,11.0,28.0,36.0,53.0,43.0,52.0,93.0,95.0,41.0,45.0,0.0,0.0,0.0,1.0,6.0,16.0,12.0,24.0,24.0
2.0,3.0,A Chandila,0.0,0.0,0.0,0.0,0.0,0.0,0.0,0.0,1.0,1.0,1.0,0.0,0.0,0.0,0.0,0.0,0.0,0.0,0.0,0.0
1.0,0.0,Sunny Gupta,0.0,0.0,0.0,0.0,0.0,0.0,0.0,0.0,0.0,0.0,0.0,0.0,0.0,0.0,0.0,0.0,0.0,0.0,0.0,0.0
7.0,138.0,MC Juneja,0.0,7.0,11.0,15.0,13.0,6.0,10.0,12.0,3.0,2.0,0.0,2.0,0.0,4.0,2.0,9.0,4.0,6.0,8.0,24.0
21.0,291.0,GH Vihari,1.0,19.0,16.0,28.0,23.0,18.0,16.0,26.0,18.0,19.0,8.0,6.0,0.0,5.0,7.0,18.0,26.0,18.0,6.0,13.0
2.0,15.0,MDKJ Perera,5.0,0.0,0.0,0.0,0.0,0.0,0.0,0.0,0.0,0.0,0.0,1.0,0.0,9.0,0.0,0.0,0.0,0.0,0.0,0.0
4.0,15.0,R Shukla,0.0,0.0,0.0,0.0,0.0,0.0,1.0,2.0,5.0,6.0,1.0,0.0,0.0,0.0,0.0,0.0,0.0,0.0,0.0,0.0
2.0,4.0,B Laughlin,0.0,0.0,0.0,0.0,0.0,1.0,2.0,1.0,0.0,0.0,0.0,0.0,0.0,0.0,0.0,0.0,0.0,0.0,0.0,0.0
3.0,23.0,BMAJ Mendis,0.0,2.0,5.0,1.0,2.0,3.0,3.0,0.0,0.0,0.0,0.0,0.0,0.0,0.0,0.0,0.0,1.0,2.0,2.0,2.0
7.0,39.0,R Rampaul,0.0,0.0,1.0,1.0,1.0,2.0,10.0,7.0,1.0,3.0,13.0,0.0,0.0,0.0,0.0,0.0,0.0,0.0,0.0,0.0
4.0,7.0,SMSM Senanayake,0.0,0.0,0.0,0.0,0.0,0.0,0.0,1.0,2.0,1.0,3.0,0.0,0.0,0.0,0.0,0.0,0.0,0.0,0.0,0.0
8.0,193.0,BJ Rohrer,0.0,8.0,16.0,16.0,21.0,27.0,6.0,6.0,18.0,16.0,29.0,0.0,0.0,0.0,0.0,0.0,0.0,1.0,4.0,25.0
30.0,735.0,KL Rahul,24.0,66.0,45.0,27.0,29.0,32.0,43.0,32.0,31.0,23.0,15.0,18.0,0.0,27.0,76.0,51.0,43.0,38.0,46.0,69.0
26.0,768.0,Q de Kock,113.0,17.0,35.0,22.0,20.0,20.0,11.0,13.0,5.0,10.0,0.0,69.0,0.0,60.0,105.0,53.0,70.0,53.0,54.0,38.0
16.0,120.0,R Dhawan,0.0,1.0,0.0,0.0,4.0,5.0,23.0,25.0,18.0,23.0,21.0,0.0,0.0,0.0,0.0,0.0,0.0,0.0,0.0,0.0
5.0,109.0,LJ Wright,0.0,0.0,0.0,1.0,1.0,0.0,12.0,12.0,13.0,25.0,35.0,0.0,0.0,0.0,0.0,8.0,1.0,1.0,0.0,0.0
1.0,0.0,IC Pandey,0.0,0.0,0.0,0.0,0.0,0.0,0.0,0.0,0.0,0.0,0.0,0.0,0.0,0.0,0.0,0.0,0.0,0.0,0.0,0.0
13.0,187.0,CM Gautam,10.0,1.0,2.0,10.0,4.0,6.0,6.0,11.0,18.0,10.0,11.0,16.0,0.0,17.0,7.0,19.0,9.0,8.0,16.0,6.0
1.0,10.0,X Thalaivan Sargunam,0.0,0.0,3.0,1.0,3.0,1.0,0.0,2.0,0.0,0.0,0.0,0.0,0.0,0.0,0.0,0.0,0.0,0.0,0.0,0.0
20.0,296.0,DJG Sammy,0.0,6.0,6.0,16.0,33.0,27.0,48.0,27.0,22.0,25.0,50.0,0.0,0.0,0.0,0.0,0.0,9.0,7.0,6.0,14.0
4.0,35.0,KW Richardson,0.0,4.0,2.0,1.0,1.0,10.0,1.0,5.0,6.0,2.0,3.0,0.0,0.0,0.0,0.0,0.0,0.0,0.0,0.0,0.0
1.0,9.0,UA Birla,0.0,0.0,0.0,0.0,0.0,0.0,0.0,0.0,0.0,0.0,0.0,0.0,0.0,0.0,1.0,1.0,4.0,3.0,0.0,0.0
4.0,9.0,Parvez Rasool,0.0,0.0,0.0,0.0,0.0,0.0,0.0,0.0,0.0,4.0,5.0,0.0,0.0,0.0,0.0,0.0,0.0,0.0,0.0,0.0
6.0,14.0,PV Tambe,0.0,0.0,0.0,0.0,0.0,3.0,4.0,0.0,1.0,2.0,4.0,0.0,0.0,0.0,0.0,0.0,0.0,0.0,0.0,0.0
3.0,20.0,NJ Maddinson,13.0,0.0,0.0,0.0,0.0,0.0,0.0,0.0,0.0,0.0,0.0,3.0,0.0,4.0,0.0,0.0,0.0,0.0,0.0,0.0
3.0,45.0,JDS Neesham,0.0,3.0,5.0,10.0,2.0,4.0,5.0,3.0,9.0,0.0,4.0,0.0,0.0,0.0,0.0,0.0,0.0,0.0,0.0,0.0
11.0,88.0,MA Starc,0.0,7.0,1.0,4.0,4.0,13.0,9.0,5.0,11.0,11.0,23.0,0.0,0.0,0.0,0.0,0.0,0.0,0.0,0.0,0.0
3.0,44.0,BR Dunk,12.0,0.0,0.0,0.0,0.0,0.0,0.0,0.0,0.0,0.0,0.0,11.0,0.0,5.0,1.0,10.0,5.0,0.0,0.0,0.0
5.0,54.0,RR Rossouw,1.0,1.0,0.0,0.0,0.0,0.0,3.0,7.0,6.0,2.0,6.0,2.0,0.0,12.0,2.0,0.0,4.0,1.0,4.0,3.0
2.0,0.0,Shivam Sharma,0.0,0.0,0.0,0.0,0.0,0.0,0.0,0.0,0.0,0.0,0.0,0.0,0.0,0.0,0.0,0.0,0.0,0.0,0.0,0.0
2.0,29.0,VH Zol,0.0,0.0,0.0,0.0,0.0,0.0,0.0,0.0,0.0,0.0,0.0,0.0,0.0,9.0,4.0,7.0,2.0,1.0,6.0,0.0
2.0,0.0,BE Hendricks,0.0,0.0,0.0,0.0,0.0,0.0,0.0,0.0,0.0,0.0,0.0,0.0,0.0,0.0,0.0,0.0,0.0,0.0,0.0,0.0
3.0,12.0,S Gopal,0.0,0.0,1.0,0.0,0.0,0.0,0.0,0.0,2.0,6.0,2.0,0.0,0.0,0.0,0.0,0.0,0.0,0.0,0.0,1.0
1.0,1.0,M de Lange,0.0,0.0,0.0,0.0,0.0,0.0,0.0,0.0,0.0,1.0,0.0,0.0,0.0,0.0,0.0,0.0,0.0,0.0,0.0,0.0
5.0,39.0,JO Holder,0.0,0.0,0.0,0.0,0.0,0.0,0.0,1.0,3.0,15.0,20.0,0.0,0.0,0.0,0.0,0.0,0.0,0.0,0.0,0.0
4.0,6.0,Karanveer Singh,0.0,1.0,1.0,0.0,0.0,0.0,0.0,0.0,0.0,0.0,2.0,0.0,0.0,0.0,0.0,0.0,0.0,0.0,0.0,2.0
2.0,16.0,SA Abbott,0.0,0.0,0.0,0.0,0.0,0.0,0.0,1.0,2.0,13.0,0.0,0.0,0.0,0.0,0.0,0.0,0.0,0.0,0.0,0.0
5.0,38.0,J Suchith,0.0,0.0,0.0,0.0,1.0,1.0,4.0,10.0,0.0,1.0,21.0,0.0,0.0,0.0,0.0,0.0,0.0,0.0,0.0,0.0
1.0,0.0,RG More,0.0,0.0,0.0,0.0,0.0,0.0,0.0,0.0,0.0,0.0,0.0,0.0,0.0,0.0,0.0,0.0,0.0,0.0,0.0,0.0
8.0,121.0,D Wiese,0.0,5.0,0.0,0.0,0.0,6.0,4.0,16.0,17.0,37.0,26.0,0.0,0.0,0.0,0.0,0.0,0.0,0.0,5.0,5.0
11.0,142.0,SN Khan,0.0,1.0,0.0,1.0,2.0,13.0,7.0,29.0,17.0,25.0,44.0,0.0,0.0,0.0,0.0,0.0,0.0,0.0,0.0,3.0
1.0,1.0,DJ Muthuswami,0.0,0.0,0.0,0.0,0.0,0.0,0.0,0.0,0.0,1.0,0.0,0.0,0.0,0.0,0.0,0.0,0.0,0.0,0.0,0.0
3.0,34.0,C Munro,0.0,0.0,0.0,0.0,0.0,0.0,0.0,0.0,0.0,0.0,4.0,0.0,0.0,1.0,11.0,9.0,7.0,2.0,0.0,0.0
2.0,8.0,P Sahu,0.0,0.0,0.0,0.0,0.0,0.0,0.0,0.0,0.0,5.0,3.0,0.0,0.0,0.0,0.0,0.0,0.0,0.0,0.0,0.0
3.0,2.0,KJ Abbott,0.0,0.0,0.0,0.0,0.0,0.0,0.0,0.0,0.0,0.0,2.0,0.0,0.0,0.0,0.0,0.0,0.0,0.0,0.0,0.0
1.0,0.0,M Ashwin,0.0,0.0,0.0,0.0,0.0,0.0,0.0,0.0,0.0,0.0,0.0,0.0,0.0,0.0,0.0,0.0,0.0,0.0,0.0,0.0
2.0,25.0,NS Naik,0.0,0.0,4.0,5.0,2.0,0.0,3.0,1.0,2.0,6.0,2.0,0.0,0.0,0.0,0.0,0.0,0.0,0.0,0.0,0.0
1.0,6.0,PSP Handscomb,0.0,1.0,3.0,2.0,0.0,0.0,0.0,0.0,0.0,0.0,0.0,0.0,0.0,0.0,0.0,0.0,0.0,0.0,0.0,0.0
2.0,7.0,J Yadav,0.0,0.0,0.0,0.0,0.0,0.0,0.0,0.0,0.0,4.0,3.0,0.0,0.0,0.0,0.0,0.0,0.0,0.0,0.0,0.0
6.0,134.0,UT Khawaja,12.0,1.0,6.0,1.0,0.0,0.0,0.0,0.0,0.0,0.0,0.0,40.0,0.0,26.0,21.0,10.0,4.0,3.0,8.0,2.0
3.0,13.0,F Behardien,0.0,0.0,0.0,0.0,0.0,0.0,0.0,0.0,0.0,6.0,7.0,0.0,0.0,0.0,0.0,0.0,0.0,0.0,0.0,0.0
3.0,0.0,BB Sran,0.0,0.0,0.0,0.0,0.0,0.0,0.0,0.0,0.0,0.0,0.0,0.0,0.0,0.0,0.0,0.0,0.0,0.0,0.0,0.0
1.0,0.0,S Kaushik,0.0,0.0,0.0,0.0,0.0,0.0,0.0,0.0,0.0,0.0,0.0,0.0,0.0,0.0,0.0,0.0,0.0,0.0,0.0,0.0
2.0,29.0,ER Dwivedi,6.0,0.0,0.0,0.0,0.0,0.0,0.0,0.0,5.0,6.0,12.0,0.0,0.0,0.0,0.0,0.0,0.0,0.0,0.0,0.0
